ET_dice,ET_hd95,TC_dice,TC_hd95,WT_dice,WT_hd95,case,fold,mean_dice,mean_hd95,trainer
0.7811088295687885,1.4142135623730951,0.916412213740458,2.0,0.9183980412731725,4.242640687119285,BraTS20_Training_011.nii.gz,0,0.8719730281941397,2.5522847498307932,nnUNetTrainerUMambaEnc_150epochs
0.8497344017286396,1.0,0.9300050175614651,1.0,0.8555030850367102,17.944358444926362,BraTS20_Training_012.nii.gz,0,0.8784141681089384,6.64811948164212,nnUNetTrainerUMambaEnc_150epochs
0.8206345583200183,1.0,0.9229817825762066,2.0,0.9075984764476158,4.0,BraTS20_Training_019.nii.gz,0,0.8837382724479469,2.3333333333333335,nnUNetTrainerUMambaEnc_150epochs
0.7272232962783953,1.4142135623730951,0.8635258830221855,6.082762530298219,0.9038992223058453,3.7416573867739413,BraTS20_Training_020.nii.gz,0,0.8315494672021421,3.7462111598150853,nnUNetTrainerUMambaEnc_150epochs
0.7059404717796715,2.23606797749979,0.8931198615318044,1.0,0.7935893064175135,4.123105625617661,BraTS20_Training_021.nii.gz,0,0.7975498799096631,2.453057867705817,nnUNetTrainerUMambaEnc_150epochs
0.8782685430309786,1.0,0.9529167900503406,1.0,0.9028144522444773,1.4142135623730951,BraTS20_Training_023.nii.gz,0,0.9113332617752655,1.1380711874576983,nnUNetTrainerUMambaEnc_150epochs
0.6753412289553349,1.7320508075688772,0.8569219349251516,2.8284271247461903,0.8439534087016102,5.916079783099616,BraTS20_Training_028.nii.gz,0,0.7920721908606989,3.492185905138228,nnUNetTrainerUMambaEnc_150epochs
0.8928764652840396,1.0,0.9472451790633609,1.0,0.9378679194587157,1.0,BraTS20_Training_029.nii.gz,0,0.9259965212687055,1.0,nnUNetTrainerUMambaEnc_150epochs
0.8171699574138599,1.0,0.910268270120259,2.23606797749979,0.8902746588357229,3.0,BraTS20_Training_032.nii.gz,0,0.8725709621232806,2.0786893258332633,nnUNetTrainerUMambaEnc_150epochs
0.8102928509905254,1.4142135623730951,0.8913005117346039,1.7320508075688772,0.8984141427271546,2.0,BraTS20_Training_036.nii.gz,0,0.8666691684840946,1.715421456647324,nnUNetTrainerUMambaEnc_150epochs
0.8830938715765957,1.0,0.9382091343018858,1.4142135623730951,0.9127625201938611,3.0,BraTS20_Training_039.nii.gz,0,0.9113551753574475,1.804737854124365,nnUNetTrainerUMambaEnc_150epochs
0.7693076175940058,1.7320508075688772,0.9011225632339008,3.4641016151377544,0.9453219226463055,1.4142135623730951,BraTS20_Training_041.nii.gz,0,0.8719173678247374,2.203455328359909,nnUNetTrainerUMambaEnc_150epochs
0.8751592981080286,1.0,0.9613335325166816,1.0,0.9598378559200299,1.0,BraTS20_Training_042.nii.gz,0,0.9321102288482467,1.0,nnUNetTrainerUMambaEnc_150epochs
0.8706359336286508,2.0,0.9520981278244028,1.0,0.9170081213043159,2.0,BraTS20_Training_049.nii.gz,0,0.9132473942524565,1.6666666666666667,nnUNetTrainerUMambaEnc_150epochs
0.8794383149448345,1.0,0.9410078815380941,1.0,0.9410519058406382,1.4142135623730951,BraTS20_Training_051.nii.gz,0,0.920499367441189,1.1380711874576983,nnUNetTrainerUMambaEnc_150epochs
0.8707843880257673,1.0,0.8717378372087008,4.006155281280794,0.9572519236467881,1.4142135623730951,BraTS20_Training_053.nii.gz,0,0.899924716293752,2.1401229478846298,nnUNetTrainerUMambaEnc_150epochs
0.8811339995920865,1.4142135623730951,0.9315043521852071,1.7320508075688772,0.8765787987755951,4.58257569495584,BraTS20_Training_056.nii.gz,0,0.8964057168509629,2.576280021632604,nnUNetTrainerUMambaEnc_150epochs
0.8513660240044605,1.0,0.9481553900566466,1.4142135623730951,0.7797459017904889,25.514701644346147,BraTS20_Training_069.nii.gz,0,0.859755771950532,9.309638402239747,nnUNetTrainerUMambaEnc_150epochs
0.6852331967327367,2.8284271247461903,0.8570253880152122,4.898979485566356,0.8911320097526995,3.7416573867739413,BraTS20_Training_074.nii.gz,0,0.8111301981668828,3.8230213323621625,nnUNetTrainerUMambaEnc_150epochs
0.3190789473684211,111.29690022637648,0.436028659160696,109.23460952019664,0.7109363693376429,87.0976463516667,BraTS20_Training_086.nii.gz,0,0.48868132528892,102.5430520327466,nnUNetTrainerUMambaEnc_150epochs
0.8375183769479565,1.4142135623730951,0.9231109147149801,1.4142135623730951,0.8433804965762755,5.830951894845301,BraTS20_Training_088.nii.gz,0,0.868003262746404,2.8864596731971637,nnUNetTrainerUMambaEnc_150epochs
0.9568431960119864,1.0,0.9702213609192892,1.0,0.6043006989407804,53.1224999411737,BraTS20_Training_089.nii.gz,0,0.8437884186240187,18.3741666470579,nnUNetTrainerUMambaEnc_150epochs
0.9322770253002811,1.0,0.9588855754362713,1.4142135623730951,0.9795847254391539,1.0,BraTS20_Training_098.nii.gz,0,0.9569157753919021,1.1380711874576983,nnUNetTrainerUMambaEnc_150epochs
0.9054904380012339,1.0,0.9733745653317594,1.0,0.9677827596181661,1.0,BraTS20_Training_100.nii.gz,0,0.9488825876503865,1.0,nnUNetTrainerUMambaEnc_150epochs
0.8987289872898729,1.0,0.9263476347634764,2.23606797749979,0.9293160678460697,3.0,BraTS20_Training_101.nii.gz,0,0.9181308966331396,2.0786893258332633,nnUNetTrainerUMambaEnc_150epochs
0.9518152532927376,1.0,0.9622128349053874,3.0,0.9657885615251299,1.4142135623730951,BraTS20_Training_104.nii.gz,0,0.959938883241085,1.804737854124365,nnUNetTrainerUMambaEnc_150epochs
0.9670681018863903,1.0,0.9683284457478006,1.0,0.9437209956405569,1.4142135623730951,BraTS20_Training_107.nii.gz,0,0.9597058477582493,1.1380711874576983,nnUNetTrainerUMambaEnc_150epochs
0.9296315106370973,1.0,0.964872455850102,1.0,0.947680289395133,1.4142135623730951,BraTS20_Training_111.nii.gz,0,0.9473947519607774,1.1380711874576983,nnUNetTrainerUMambaEnc_150epochs
0.8684470820969338,1.4142135623730951,0.8509199559679195,2.23606797749979,0.9655526952542189,7.681145747868608,BraTS20_Training_113.nii.gz,0,0.8949732444396907,3.7771424292471645,nnUNetTrainerUMambaEnc_150epochs
0.9292403125434917,1.0,0.9737270313734073,1.0,0.948307002222928,29.68164415931166,BraTS20_Training_114.nii.gz,0,0.950424782046609,10.560548053103886,nnUNetTrainerUMambaEnc_150epochs
0.9357689762737499,1.0,0.9817634128470244,1.0,0.9741396206836918,1.0,BraTS20_Training_116.nii.gz,0,0.963890669934822,1.0,nnUNetTrainerUMambaEnc_150epochs
0.9051059730250481,1.0,0.8712136210651357,2.23606797749979,0.929332776411256,2.0,BraTS20_Training_131.nii.gz,0,0.90188412350048,1.74535599249993,nnUNetTrainerUMambaEnc_150epochs
0.8765340459224069,1.4142135623730951,0.931903176755846,3.0,0.9379895731000535,2.449489742783178,BraTS20_Training_137.nii.gz,0,0.9154755985927688,2.2879011017187576,nnUNetTrainerUMambaEnc_150epochs
0.9124571143409644,1.0,0.7942519307260149,8.749239462252232,0.9373804349160743,3.1622776601683795,BraTS20_Training_138.nii.gz,0,0.8813631599943512,4.303839040806871,nnUNetTrainerUMambaEnc_150epochs
0.8021311596159985,2.23606797749979,0.8894299287410926,4.58257569495584,0.9333533653846153,2.0,BraTS20_Training_145.nii.gz,0,0.8749714845805688,2.939547890818543,nnUNetTrainerUMambaEnc_150epochs
0.9654316271963331,1.0,0.9609683175001206,1.4142135623730951,0.9440844861726633,2.0,BraTS20_Training_150.nii.gz,0,0.956828143623039,1.4714045207910318,nnUNetTrainerUMambaEnc_150epochs
0.9301924734271761,1.0,0.9620837782136915,1.4142135623730951,0.9712626855700457,1.0,BraTS20_Training_155.nii.gz,0,0.9545129790703044,1.1380711874576983,nnUNetTrainerUMambaEnc_150epochs
0.9322620819537681,1.0,0.9714112070013371,1.0,0.9514420261447398,1.4142135623730951,BraTS20_Training_162.nii.gz,0,0.9517051050332817,1.1380711874576983,nnUNetTrainerUMambaEnc_150epochs
0.9197237099252584,1.4142135623730951,0.9498089569308346,1.0,0.9593257105165631,1.0,BraTS20_Training_165.nii.gz,0,0.942952792457552,1.1380711874576983,nnUNetTrainerUMambaEnc_150epochs
0.9337940847647118,1.0,0.9543125533731853,1.0,0.9758429346205945,1.0,BraTS20_Training_174.nii.gz,0,0.9546498575861638,1.0,nnUNetTrainerUMambaEnc_150epochs
0.9063579067872009,1.7320508075688772,0.9364791662375647,3.1622776601683795,0.9465230073595092,2.23606797749979,BraTS20_Training_175.nii.gz,0,0.929786693461425,2.3767988150790154,nnUNetTrainerUMambaEnc_150epochs
0.7115777736480208,2.0,0.8485682107711907,5.385164807134504,0.968787474535376,1.4142135623730951,BraTS20_Training_176.nii.gz,0,0.8429778196515292,2.9331261231692,nnUNetTrainerUMambaEnc_150epochs
0.9611650485436893,1.0,0.9697550530560088,1.0,0.9627542692545092,1.4142135623730951,BraTS20_Training_183.nii.gz,0,0.9645581236180691,1.1380711874576983,nnUNetTrainerUMambaEnc_150epochs
0.9118005690285869,1.0,0.946150097465887,1.4142135623730951,0.9521615223736526,1.4142135623730951,BraTS20_Training_185.nii.gz,0,0.9367040629560421,1.2761423749153968,nnUNetTrainerUMambaEnc_150epochs
0.9013213019658395,1.7320508075688772,0.9598638414365088,2.0,0.9708674905836769,1.4142135623730951,BraTS20_Training_187.nii.gz,0,0.9440175446620084,1.715421456647324,nnUNetTrainerUMambaEnc_150epochs
0.9332707012187166,1.0,0.9724707690618652,1.0,0.9456217589365015,1.4142135623730951,BraTS20_Training_192.nii.gz,0,0.9504544097390277,1.1380711874576983,nnUNetTrainerUMambaEnc_150epochs
0.9012019019537009,1.7320508075688772,0.937849570080975,3.0,0.9475833601686232,2.8284271247461903,BraTS20_Training_197.nii.gz,0,0.9288782774010997,2.5201593107716893,nnUNetTrainerUMambaEnc_150epochs
0.907731694828469,1.0,0.9301997475310017,5.744562646538029,0.9281880729909026,6.082762530298219,BraTS20_Training_203.nii.gz,0,0.9220398384501244,4.275775058945416,nnUNetTrainerUMambaEnc_150epochs
0.9296488333726137,1.0,0.9501690110129757,1.0,0.8497800834555091,2.8284271247461903,BraTS20_Training_204.nii.gz,0,0.9098659759470329,1.60947570824873,nnUNetTrainerUMambaEnc_150epochs
0.8776508972267537,1.0,0.9143114514131292,1.0,0.9396070672252022,1.0,BraTS20_Training_205.nii.gz,0,0.910523138621695,1.0,nnUNetTrainerUMambaEnc_150epochs
0.8516155170667477,3.4641016151377544,0.8704372674826117,3.0,0.9168087588620659,4.242640687119285,BraTS20_Training_207.nii.gz,0,0.8796205144704751,3.5689141007523464,nnUNetTrainerUMambaEnc_150epochs
0.8855186520161139,1.4142135623730951,0.9323317280686644,2.23606797749979,0.9586206484100737,1.4142135623730951,BraTS20_Training_208.nii.gz,0,0.9254903428316174,1.6881650340819934,nnUNetTrainerUMambaEnc_150epochs
0.9070326762032628,1.4142135623730951,0.9327423510108322,2.449489742783178,0.9358576337357775,2.23606797749979,BraTS20_Training_210.nii.gz,0,0.9252108869832908,2.033257094218688,nnUNetTrainerUMambaEnc_150epochs
0.7391585760517799,2.449489742783178,0.8781574866463729,3.0,0.9576521468417909,3.3166247903554,BraTS20_Training_216.nii.gz,0,0.8583227365133146,2.9220381777128592,nnUNetTrainerUMambaEnc_150epochs
0.8206239168110918,2.449489742783178,0.8706373604695129,6.0,0.8389995745058891,8.06225774829855,BraTS20_Training_220.nii.gz,0,0.8434202839288313,5.503915830360576,nnUNetTrainerUMambaEnc_150epochs
0.9498388263930004,1.0,0.961387152803551,1.4142135623730951,0.9733734176826082,1.0,BraTS20_Training_223.nii.gz,0,0.9615331322930533,1.1380711874576983,nnUNetTrainerUMambaEnc_150epochs
0.9256312940528145,1.0,0.9598989545514195,1.4142135623730951,0.9689495912304616,1.0,BraTS20_Training_224.nii.gz,0,0.9514932799448985,1.1380711874576983,nnUNetTrainerUMambaEnc_150epochs
0.9284521674602684,1.4142135623730951,0.9533576404577024,1.4142135623730951,0.9480046757320628,2.0,BraTS20_Training_226.nii.gz,0,0.9432714945500112,1.60947570824873,nnUNetTrainerUMambaEnc_150epochs
0.9835350927198954,1.0,0.9731076664185625,1.0,0.9746694158075602,1.0,BraTS20_Training_230.nii.gz,0,0.9771040583153393,1.0,nnUNetTrainerUMambaEnc_150epochs
0.6072586283607704,5.0,0.8377459749552773,5.830951894845301,0.8938443137319155,3.3166247903554,BraTS20_Training_240.nii.gz,0,0.7796163056826544,4.7158588950669005,nnUNetTrainerUMambaEnc_150epochs
0.8481699572797599,3.4641016151377544,0.905354828949359,3.605551275463989,0.9036673902431425,6.557438524302,BraTS20_Training_245.nii.gz,0,0.8857307254907538,4.5423638049679145,nnUNetTrainerUMambaEnc_150epochs
0.9413845972402406,1.0,0.9507539181460298,1.0,0.9690858317734066,1.0,BraTS20_Training_251.nii.gz,0,0.9537414490532257,1.0,nnUNetTrainerUMambaEnc_150epochs
0.8591873243036033,2.23606797749979,0.27763881940970486,24.186773244895647,0.9683933824296413,2.0,BraTS20_Training_259.nii.gz,0,0.7017398420476498,9.474280407465146,nnUNetTrainerUMambaEnc_150epochs
0.6545454545454545,31.96873472629156,0.9066384088935475,5.0,0.9353904506675456,4.58257569495584,BraTS20_Training_284.nii.gz,0,0.8321914380355159,13.850436807082467,nnUNetTrainerUMambaEnc_150epochs
0.8769378068406364,3.7416573867739413,0.927582968619877,2.23606797749979,0.9751088794384383,1.0,BraTS20_Training_287.nii.gz,0,0.9265432182996506,2.3259084547579105,nnUNetTrainerUMambaEnc_150epochs
,,0.7645315370483772,7.0,0.782017348045156,10.770329614269007,BraTS20_Training_297.nii.gz,0,0.7732744425467666,8.885164807134505,nnUNetTrainerUMambaEnc_150epochs
0.781391968017445,1.4142135623730951,0.8487270441381168,5.0,0.8863959703156843,4.358898943540674,BraTS20_Training_302.nii.gz,0,0.8388383274904154,3.5910375019712566,nnUNetTrainerUMambaEnc_150epochs
0.0,,0.8802538618129565,3.605551275463989,0.9469947515293362,2.449489742783178,BraTS20_Training_305.nii.gz,0,0.6090828711140975,3.0275205091235833,nnUNetTrainerUMambaEnc_150epochs
0.0,,0.7810678785180141,7.0,0.9058183269232402,2.8284271247461903,BraTS20_Training_329.nii.gz,0,0.5622954018137514,4.914213562373095,nnUNetTrainerUMambaEnc_150epochs
0.7811984606926883,1.7320508075688772,0.5954522599027878,7.681145747868608,0.8171267457871615,4.58257569495584,BraTS20_Training_331.nii.gz,0,0.7312591554608792,4.665257416797775,nnUNetTrainerUMambaEnc_150epochs
0.9002498939980333,1.0,0.963667211147109,1.4142135623730951,0.9292645188571356,3.1622776601683795,BraTS20_Training_342.nii.gz,0,0.9310605413340927,1.858830407513825,nnUNetTrainerUMambaEnc_150epochs
0.9116391109164568,1.0,0.9593430534607005,1.0,0.9678899581362475,1.0,BraTS20_Training_353.nii.gz,0,0.9462907075044682,1.0,nnUNetTrainerUMambaEnc_150epochs
0.9531627233220666,1.0,0.9636551169539527,1.4142135623730951,0.9125581395348837,6.324555320336759,BraTS20_Training_360.nii.gz,0,0.9431253266036344,2.912922960903285,nnUNetTrainerUMambaEnc_150epochs
0.9443042648778386,1.0,0.954008820226258,1.0,0.9481311366692662,1.7320508075688772,BraTS20_Training_368.nii.gz,0,0.9488147405911209,1.2440169358562925,nnUNetTrainerUMambaEnc_150epochs
0.9005946265682887,1.0,0.9185592935073164,2.8284271247461903,0.953692078600835,1.4142135623730951,BraTS20_Training_004.nii.gz,1,0.9242819995588134,1.7475468957064284,nnUNetTrainerUMambaEnc_150epochs
0.755670051017831,13.45362404707371,0.8333792560519583,12.884098726725126,0.8112589666285477,4.58257569495584,BraTS20_Training_005.nii.gz,1,0.8001027578994456,10.306766156251559,nnUNetTrainerUMambaEnc_150epochs
0.7429940741790023,5.0990195135927845,0.8614778550120609,8.54400374531753,0.8886214435574283,4.123105625617661,BraTS20_Training_009.nii.gz,1,0.8310311242494972,5.922042961509325,nnUNetTrainerUMambaEnc_150epochs
0.88117241756439,1.0,0.7883755588673621,6.708203932499369,0.9493698322228465,2.0,BraTS20_Training_015.nii.gz,1,0.8729726028848662,3.23606797749979,nnUNetTrainerUMambaEnc_150epochs
0.8519108280254777,1.0,0.8805018222596019,3.0,0.9286893443132826,2.0,BraTS20_Training_017.nii.gz,1,0.887033998199454,2.0,nnUNetTrainerUMambaEnc_150epochs
0.8809677509893626,1.0,0.9350671630268824,1.7320508075688772,0.9490341623074899,1.4142135623730951,BraTS20_Training_022.nii.gz,1,0.9216896921079116,1.3820881233139908,nnUNetTrainerUMambaEnc_150epochs
0.8787764882770286,1.0,0.9220842804686133,1.4142135623730951,0.9102768332454774,3.0,BraTS20_Training_031.nii.gz,1,0.9037125339970398,1.804737854124365,nnUNetTrainerUMambaEnc_150epochs
0.8557891109579601,1.0,0.9480812127281831,2.0,0.9484013756740043,1.4142135623730951,BraTS20_Training_034.nii.gz,1,0.9174238997867158,1.4714045207910318,nnUNetTrainerUMambaEnc_150epochs
0.6333814730761296,3.1622776601683795,0.8508467370509459,2.449489742783178,0.8342330250065653,6.0,BraTS20_Training_043.nii.gz,1,0.7728204117112136,3.8705891343171857,nnUNetTrainerUMambaEnc_150epochs
0.8297557364914878,1.4142135623730951,0.8627450980392157,1.4142135623730951,0.6089962931280296,14.560219778561036,BraTS20_Training_046.nii.gz,1,0.7671657092195777,5.796215634435742,nnUNetTrainerUMambaEnc_150epochs
0.873061076102763,1.0,0.9459656428943258,1.7320508075688772,0.8853506314806624,7.0,BraTS20_Training_047.nii.gz,1,0.9014591168259171,3.2440169358562922,nnUNetTrainerUMambaEnc_150epochs
0.7123370718399515,2.0,0.8992554323051208,1.4142135623730951,0.6759698203912666,15.0,BraTS20_Training_048.nii.gz,1,0.7625207748454463,6.138071187457698,nnUNetTrainerUMambaEnc_150epochs
0.8989150028910581,1.0,0.9417660509632632,2.23606797749979,0.9164355337189952,2.23606797749979,BraTS20_Training_054.nii.gz,1,0.9190388625244388,1.8240453183331933,nnUNetTrainerUMambaEnc_150epochs
0.8812060515661624,1.0,0.9516253222188745,1.0,0.9485587117633474,2.449489742783178,BraTS20_Training_055.nii.gz,1,0.9271300285161281,1.4831632475943926,nnUNetTrainerUMambaEnc_150epochs
0.6377832946264115,6.4031242374328485,0.6939043482652392,8.54400374531753,0.7754917913934493,7.0710678118654755,BraTS20_Training_058.nii.gz,1,0.7023931447617,7.3393985982052845,nnUNetTrainerUMambaEnc_150epochs
0.8518480737189296,1.0,0.9092031927868953,3.0,0.9353535676081299,2.0,BraTS20_Training_068.nii.gz,1,0.8988016113713183,2.0,nnUNetTrainerUMambaEnc_150epochs
0.8982623509369676,1.4142135623730951,0.9389182001458414,2.449489742783178,0.7664791262824453,7.280109889280518,BraTS20_Training_072.nii.gz,1,0.8678865591217514,3.714604398145597,nnUNetTrainerUMambaEnc_150epochs
0.7517173699705594,12.041594578792296,0.7965146710181964,14.142135623730951,0.8932271704458347,3.1622776601683795,BraTS20_Training_076.nii.gz,1,0.8138197371448634,9.78200262089721,nnUNetTrainerUMambaEnc_150epochs
0.9380881624566617,1.0,0.970898066151659,1.0,0.8909476087505351,9.433981132056603,BraTS20_Training_091.nii.gz,1,0.9333112791196186,3.8113270440188676,nnUNetTrainerUMambaEnc_150epochs
0.8690011057869517,1.0,0.9465670182300762,1.4142135623730951,0.9346125461254613,1.7320508075688772,BraTS20_Training_102.nii.gz,1,0.9167268900474964,1.3820881233139908,nnUNetTrainerUMambaEnc_150epochs
0.9605941086593469,1.0,0.977342036948358,1.0,0.9630410636054556,1.0,BraTS20_Training_115.nii.gz,1,0.9669924030710535,1.0,nnUNetTrainerUMambaEnc_150epochs
0.9521297491441719,1.0,0.983788679245283,1.0,0.9787820184734183,1.0,BraTS20_Training_121.nii.gz,1,0.9715668156209577,1.0,nnUNetTrainerUMambaEnc_150epochs
0.8012463832628534,1.4142135623730951,0.8052012078634375,2.23606797749979,0.9328470111448834,2.23606797749979,BraTS20_Training_129.nii.gz,1,0.8464315340903914,1.9621165057908916,nnUNetTrainerUMambaEnc_150epochs
0.83681802830739,1.4142135623730951,0.5969326492740967,22.825424421026653,0.940047526463599,2.449489742783178,BraTS20_Training_133.nii.gz,1,0.7912660680150286,8.896375908727642,nnUNetTrainerUMambaEnc_150epochs
0.8643775259699189,3.0,0.756869590070227,12.68857754044952,0.9262969211303248,3.0,BraTS20_Training_135.nii.gz,1,0.8491813457234902,6.2295258468165065,nnUNetTrainerUMambaEnc_150epochs
0.837596756358275,10.488088481701515,0.885439672801636,11.40175425099138,0.8904784298195678,2.8284271247461903,BraTS20_Training_136.nii.gz,1,0.8711716196598263,8.239423285813029,nnUNetTrainerUMambaEnc_150epochs
0.9422632794457275,1.4142135623730951,0.9510120269873863,1.0,0.9261547968484474,1.4142135623730951,BraTS20_Training_142.nii.gz,1,0.939810034427187,1.2761423749153968,nnUNetTrainerUMambaEnc_150epochs
0.871669529553314,1.4142135623730951,0.8965318643957585,4.123105625617661,0.919381068919239,4.123105625617661,BraTS20_Training_149.nii.gz,1,0.8958608209561039,3.220141604536139,nnUNetTrainerUMambaEnc_150epochs
0.967519004837595,1.0,0.9577945147079722,1.0,0.9532633761239099,1.4142135623730951,BraTS20_Training_153.nii.gz,1,0.9595256318898256,1.1380711874576983,nnUNetTrainerUMambaEnc_150epochs
0.5380577427821522,3.2085817992244787,0.8164430488153012,2.23606797749979,0.8157201272149023,7.0,BraTS20_Training_158.nii.gz,1,0.7234069729374519,4.148216592241423,nnUNetTrainerUMambaEnc_150epochs
0.7628865979381443,2.23606797749979,0.9009683360066536,1.4142135623730951,0.8612232792644811,13.490737563232042,BraTS20_Training_159.nii.gz,1,0.8416927377364263,5.713673034368309,nnUNetTrainerUMambaEnc_150epochs
0.9010199350950394,1.0,0.9499076013305409,1.0,0.9375911372955833,2.0,BraTS20_Training_161.nii.gz,1,0.9295062245737212,1.3333333333333333,nnUNetTrainerUMambaEnc_150epochs
0.9516600617365703,1.0,0.975302086852987,1.0,0.9529955581068601,1.4142135623730951,BraTS20_Training_166.nii.gz,1,0.9599859022321391,1.1380711874576983,nnUNetTrainerUMambaEnc_150epochs
0.9375849295433816,1.0,0.9622649251179648,1.0,0.9411642717037216,3.1622776601683795,BraTS20_Training_169.nii.gz,1,0.947004708788356,1.7207592200561266,nnUNetTrainerUMambaEnc_150epochs
0.9382713383361226,1.0,0.9702200255902055,1.0,0.9744046793113386,1.0,BraTS20_Training_178.nii.gz,1,0.9609653477458889,1.0,nnUNetTrainerUMambaEnc_150epochs
0.9548120426744121,1.0,0.967472143556626,1.0,0.9469469763076269,1.0,BraTS20_Training_181.nii.gz,1,0.9564103875128883,1.0,nnUNetTrainerUMambaEnc_150epochs
0.94478227758897,1.0,0.9407277135915584,2.8284271247461903,0.947732418968752,2.8284271247461903,BraTS20_Training_191.nii.gz,1,0.9444141367164268,2.21895141649746,nnUNetTrainerUMambaEnc_150epochs
0.8717752781513632,1.4142135623730951,0.9148124838028951,3.0,0.960147166611575,1.4142135623730951,BraTS20_Training_198.nii.gz,1,0.9155783095219444,1.9428090415820634,nnUNetTrainerUMambaEnc_150epochs
0.9305845786432999,1.4142135623730951,0.9487766662649151,1.4142135623730951,0.9690910945628889,1.0,BraTS20_Training_214.nii.gz,1,0.9494841131570346,1.2761423749153968,nnUNetTrainerUMambaEnc_150epochs
0.9525847057067516,1.0,0.9642162419357095,1.0,0.9659273354343819,1.4142135623730951,BraTS20_Training_229.nii.gz,1,0.960909427692281,1.1380711874576983,nnUNetTrainerUMambaEnc_150epochs
0.5004135487694482,7.0710678118654755,0.9660814420934937,1.4142135623730951,0.9075638552357435,7.810249675906654,BraTS20_Training_238.nii.gz,1,0.7913529486995617,5.431843683381741,nnUNetTrainerUMambaEnc_150epochs
0.8722134456731613,1.7320508075688772,0.9442878484652029,2.0,0.9614625430533215,1.4142135623730951,BraTS20_Training_241.nii.gz,1,0.9259879457305619,1.715421456647324,nnUNetTrainerUMambaEnc_150epochs
0.9463929887672151,1.0,0.9607788300919872,2.0,0.9760014481884713,1.0,BraTS20_Training_254.nii.gz,1,0.9610577556825579,1.3333333333333333,nnUNetTrainerUMambaEnc_150epochs
0.9112534416663242,1.7320508075688772,0.9563767890905437,1.7320508075688772,0.9630236680592548,1.4142135623730951,BraTS20_Training_255.nii.gz,1,0.9435512996053742,1.6261050591702833,nnUNetTrainerUMambaEnc_150epochs
0.8036910063759571,4.123105625617661,0.9190268757174983,3.7416573867739413,0.9465340691120488,2.8284271247461903,BraTS20_Training_256.nii.gz,1,0.8897506504018348,3.564396712379264,nnUNetTrainerUMambaEnc_150epochs
0.5353549666997308,27.313000567495326,0.7133612889838974,9.219544457292887,0.9530974103145485,2.449489742783178,BraTS20_Training_261.nii.gz,1,0.7339378886660589,12.994011589190464,nnUNetTrainerUMambaEnc_150epochs
0.8580415181379745,1.4142135623730951,0.366502972344275,21.574287174281626,0.8875411770164311,3.1622776601683795,BraTS20_Training_267.nii.gz,1,0.7040285558328935,8.716926132274367,nnUNetTrainerUMambaEnc_150epochs
0.0,,0.7911524785609705,5.385164807134504,0.9050467491175599,2.23606797749979,BraTS20_Training_269.nii.gz,1,0.5653997425595101,3.8106163923171468,nnUNetTrainerUMambaEnc_150epochs
0.0,,0.8457178441165631,5.385164807134504,0.9595483587793282,1.7320508075688772,BraTS20_Training_272.nii.gz,1,0.6017554009652971,3.5586078073516907,nnUNetTrainerUMambaEnc_150epochs
0.7972763850201177,115.12471290135878,0.5198061173324419,118.15667564721005,0.6408955939580605,90.85152722987104,BraTS20_Training_277.nii.gz,1,0.6526593654368733,108.04430525947996,nnUNetTrainerUMambaEnc_150epochs
0.0,,0.5579188822854759,18.841443681416774,0.9305941719392685,2.0,BraTS20_Training_281.nii.gz,1,0.4961710180749148,10.420721840708387,nnUNetTrainerUMambaEnc_150epochs
0.8241610738255034,3.605551275463989,0.7825252807866022,4.898979485566356,0.9530121280402942,1.4142135623730951,BraTS20_Training_283.nii.gz,1,0.8532328275508,3.3062481078011468,nnUNetTrainerUMambaEnc_150epochs
0.8717539863325741,20.518284528683193,0.909401417470754,2.0,0.8909543672998755,5.830951894845301,BraTS20_Training_290.nii.gz,1,0.8907032570344012,9.449745474509498,nnUNetTrainerUMambaEnc_150epochs
0.0,,0.7405463513342608,6.6332495807108,0.9454908895210271,2.23606797749979,BraTS20_Training_294.nii.gz,1,0.5620124136184294,4.434658779105295,nnUNetTrainerUMambaEnc_150epochs
0.36861591038541863,13.674794331177344,0.8722614309128006,5.196152422706632,0.9743130390803757,1.4142135623730951,BraTS20_Training_296.nii.gz,1,0.7383967934595317,6.761720105419023,nnUNetTrainerUMambaEnc_150epochs
0.0,,0.8318764730991222,4.47213595499958,0.888713918559565,3.605551275463989,BraTS20_Training_304.nii.gz,1,0.5735301305528957,4.038843615231785,nnUNetTrainerUMambaEnc_150epochs
0.7464032973015009,6.082762530298219,0.7936570183850923,10.770329614269007,0.9439760715824694,5.196152422706632,BraTS20_Training_308.nii.gz,1,0.8280121290896876,7.349748189091287,nnUNetTrainerUMambaEnc_150epochs
0.6887689539964019,38.1333178017807,0.8221019677506017,6.6332495807108,0.9229191978031123,3.3166247903554,BraTS20_Training_309.nii.gz,1,0.8112633731833719,16.0277307242823,nnUNetTrainerUMambaEnc_150epochs
0.8604651162790697,1.0,0.15683890577507598,18.55935937449829,0.8209538409766494,5.0,BraTS20_Training_311.nii.gz,1,0.6127526210102651,8.186453124832763,nnUNetTrainerUMambaEnc_150epochs
0.6884507042253522,14.628738838327793,0.8982986350475666,5.0990195135927845,0.9555656396828573,3.0,BraTS20_Training_313.nii.gz,1,0.8474383263185921,7.575919450640193,nnUNetTrainerUMambaEnc_150epochs
0.0,,0.9286910715152692,3.4641016151377544,0.9658120398440884,1.7320508075688772,BraTS20_Training_319.nii.gz,1,0.6315010371197859,2.598076211353316,nnUNetTrainerUMambaEnc_150epochs
0.13348946135831383,13.74772708486752,0.8353840753947036,11.704699910719626,0.97045830364465,2.0,BraTS20_Training_333.nii.gz,1,0.6464439467992225,9.15080899852905,nnUNetTrainerUMambaEnc_150epochs
0.946193082856432,1.0,0.9831410303520247,1.0,0.9818477633682379,1.0,BraTS20_Training_336.nii.gz,1,0.9703939588588982,1.0,nnUNetTrainerUMambaEnc_150epochs
0.9462836277248631,1.0,0.9740084038963519,1.0,0.9502260225287211,2.0,BraTS20_Training_338.nii.gz,1,0.956839351383312,1.3333333333333333,nnUNetTrainerUMambaEnc_150epochs
0.9299088606272687,1.0,0.9672137454506282,2.0,0.9438723125156674,2.0,BraTS20_Training_339.nii.gz,1,0.9469983061978547,1.6666666666666667,nnUNetTrainerUMambaEnc_150epochs
0.9568977898348361,1.0,0.9629652427264147,1.4142135623730951,0.9684614220114044,1.0,BraTS20_Training_340.nii.gz,1,0.9627748181908851,1.1380711874576983,nnUNetTrainerUMambaEnc_150epochs
0.9055946703005526,1.0,0.9451093685513826,1.0,0.8720992217207435,3.0,BraTS20_Training_341.nii.gz,1,0.9076010868575596,1.6666666666666667,nnUNetTrainerUMambaEnc_150epochs
0.9177694046721929,1.0,0.9537213304182288,1.7320508075688772,0.9421929524681842,3.1622776601683795,BraTS20_Training_343.nii.gz,1,0.9378945625195353,1.9647761559124188,nnUNetTrainerUMambaEnc_150epochs
0.8669527896995708,9.433981132056603,0.5761729633344478,16.15549442140351,0.8347646641931046,10.198039027185569,BraTS20_Training_345.nii.gz,1,0.7592968057423743,11.929171526881895,nnUNetTrainerUMambaEnc_150epochs
0.9078081460840695,1.4142135623730951,0.9476213358962038,1.0,0.9490652724968315,4.0,BraTS20_Training_352.nii.gz,1,0.9348315848257016,2.1380711874576983,nnUNetTrainerUMambaEnc_150epochs
0.9561055631188642,1.0,0.9805867692711294,1.0,0.9776721814126178,1.0,BraTS20_Training_355.nii.gz,1,0.9714548379342038,1.0,nnUNetTrainerUMambaEnc_150epochs
0.8622520862685596,1.7320508075688772,0.9311706966722528,1.4142135623730951,0.9263129440187872,2.0,BraTS20_Training_357.nii.gz,1,0.9065785756531999,1.715421456647324,nnUNetTrainerUMambaEnc_150epochs
0.9445576512397502,1.0,0.9760748584092588,1.0,0.9769021179433763,1.0,BraTS20_Training_359.nii.gz,1,0.9658448758641285,1.0,nnUNetTrainerUMambaEnc_150epochs
0.9561752988047809,1.0,0.9638175796495265,1.4142135623730951,0.9681290964235953,1.0,BraTS20_Training_369.nii.gz,1,0.9627073249593009,1.1380711874576983,nnUNetTrainerUMambaEnc_150epochs
0.8575096277278562,1.0,0.9476981665182274,1.0,0.900586872806332,3.7416573867739413,BraTS20_Training_002.nii.gz,2,0.9019315556841385,1.9138857955913138,nnUNetTrainerUMambaEnc_150epochs
0.874451273046532,1.0,0.8094620868438107,2.0,0.8343008424913476,6.928203230275509,BraTS20_Training_008.nii.gz,2,0.8394047341272302,3.309401076758503,nnUNetTrainerUMambaEnc_150epochs
0.8852003270645953,2.0,0.9009737827715356,2.0,0.8438279013941464,3.7416573867739413,BraTS20_Training_010.nii.gz,2,0.8766673370767591,2.5805524622579803,nnUNetTrainerUMambaEnc_150epochs
0.6070852332514907,4.123105625617661,0.8392178616003328,4.358898943540674,0.9049773755656109,3.605551275463989,BraTS20_Training_016.nii.gz,2,0.7837601568058115,4.029185281540775,nnUNetTrainerUMambaEnc_150epochs
0.7014595311808934,13.152946437965905,0.710483432916893,13.341664064126334,0.809100248979554,3.7416573867739413,BraTS20_Training_018.nii.gz,2,0.7403477376924468,10.078755962955393,nnUNetTrainerUMambaEnc_150epochs
0.7140291036793348,4.0,0.8535491086112755,3.3166247903554,0.9363045666697172,2.8284271247461903,BraTS20_Training_026.nii.gz,2,0.8346275929867758,3.38168397170053,nnUNetTrainerUMambaEnc_150epochs
0.8344599072233267,1.0,0.9300511918093105,2.23606797749979,0.7174348481003774,10.862780491200215,BraTS20_Training_027.nii.gz,2,0.8273153157110049,4.699616156233335,nnUNetTrainerUMambaEnc_150epochs
0.8357325126127354,1.0,0.8975117088359194,3.0,0.9150719034944794,2.449489742783178,BraTS20_Training_038.nii.gz,2,0.8827720416477114,2.1498299142610593,nnUNetTrainerUMambaEnc_150epochs
0.886437402675372,1.0,0.9548808232867683,1.4142135623730951,0.9390234142263879,1.7320508075688772,BraTS20_Training_040.nii.gz,2,0.9267805467295094,1.3820881233139908,nnUNetTrainerUMambaEnc_150epochs
0.9079648811764564,1.0,0.9625755727736195,1.0,0.9447767850277577,1.4142135623730951,BraTS20_Training_045.nii.gz,2,0.9384390796592779,1.1380711874576983,nnUNetTrainerUMambaEnc_150epochs
0.8679495304488103,1.0,0.964966059254116,1.0,0.9424495644943476,1.7320508075688772,BraTS20_Training_050.nii.gz,2,0.9251217180657579,1.2440169358562925,nnUNetTrainerUMambaEnc_150epochs
0.8883928571428571,1.0,0.9274429732293858,1.4142135623730951,0.9253576576627905,2.23606797749979,BraTS20_Training_057.nii.gz,2,0.9137311626783445,1.550093846624295,nnUNetTrainerUMambaEnc_150epochs
0.806647972094932,1.4142135623730951,0.9341655073880513,1.4142135623730951,0.887076508349896,13.30413469565007,BraTS20_Training_061.nii.gz,2,0.8759633292776264,5.377520606798754,nnUNetTrainerUMambaEnc_150epochs
0.8947964299892665,1.4142135623730951,0.9617397601465892,1.0,0.9534635657949033,1.4142135623730951,BraTS20_Training_067.nii.gz,2,0.936666585310253,1.2761423749153968,nnUNetTrainerUMambaEnc_150epochs
0.8013769986864158,7.483314773547883,0.7358824686823637,12.409673645990857,0.9163794879046762,9.0,BraTS20_Training_071.nii.gz,2,0.8178796517578185,9.630996139846246,nnUNetTrainerUMambaEnc_150epochs
0.9353153877059059,1.0,0.9744739077097292,1.0,0.923248417110074,2.449489742783178,BraTS20_Training_090.nii.gz,2,0.9443459041752363,1.4831632475943926,nnUNetTrainerUMambaEnc_150epochs
0.9394931908291674,1.0,0.9552268374826652,1.4142135623730951,0.9733472494463253,1.0,BraTS20_Training_093.nii.gz,2,0.956022425919386,1.1380711874576983,nnUNetTrainerUMambaEnc_150epochs
0.9224768405655778,1.0,0.9216300940438872,1.0,0.6705695854849089,41.012193308819754,BraTS20_Training_094.nii.gz,2,0.8382255066981246,14.337397769606584,nnUNetTrainerUMambaEnc_150epochs
0.9037363242276198,1.0,0.9473513793550058,1.4142135623730951,0.9730368608073691,1.0,BraTS20_Training_096.nii.gz,2,0.9413748547966649,1.1380711874576983,nnUNetTrainerUMambaEnc_150epochs
0.9376758461931963,1.0,0.965888,1.0,0.9441546362570261,1.0,BraTS20_Training_105.nii.gz,2,0.9492394941500741,1.0,nnUNetTrainerUMambaEnc_150epochs
0.9495505411851036,1.0,0.9695817490494296,1.0,0.953306410903584,1.4142135623730951,BraTS20_Training_118.nii.gz,2,0.9574795670460391,1.1380711874576983,nnUNetTrainerUMambaEnc_150epochs
0.8948438717524755,1.0,0.933725841546141,7.0710678118654755,0.9561665810636816,4.123105625617661,BraTS20_Training_123.nii.gz,2,0.9282454314540993,4.064724479161045,nnUNetTrainerUMambaEnc_150epochs
0.9492966654563768,1.0,0.9752231029322099,1.0,0.9756283406613875,1.0,BraTS20_Training_124.nii.gz,2,0.9667160363499914,1.0,nnUNetTrainerUMambaEnc_150epochs
0.7547671840354767,7.046194077712549,0.763744427934621,6.324555320336759,0.8661041112780796,4.123105625617661,BraTS20_Training_128.nii.gz,2,0.7948719077493924,5.831285007888989,nnUNetTrainerUMambaEnc_150epochs
0.34324942791762014,6.4031242374328485,0.7487000218483723,3.4641016151377544,0.9270209667352458,2.0,BraTS20_Training_141.nii.gz,2,0.672990138833746,3.9557419508568676,nnUNetTrainerUMambaEnc_150epochs
0.876699239956569,1.0,0.9522851178228677,1.4142135623730951,0.9064355657956747,2.449489742783178,BraTS20_Training_146.nii.gz,2,0.9118066411917038,1.621234435052091,nnUNetTrainerUMambaEnc_150epochs
0.6140438081982967,6.0,0.6950725872721186,5.744562646538029,0.8878116784550444,4.0,BraTS20_Training_148.nii.gz,2,0.7323093579751533,5.248187548846009,nnUNetTrainerUMambaEnc_150epochs
0.934176773171092,1.0,0.9692038859854436,1.0,0.9648569409177771,1.0,BraTS20_Training_151.nii.gz,2,0.9560792000247709,1.0,nnUNetTrainerUMambaEnc_150epochs
0.9580942387775847,1.0,0.9772722481077776,1.0,0.9661209492439313,1.0,BraTS20_Training_152.nii.gz,2,0.9671624787097646,1.0,nnUNetTrainerUMambaEnc_150epochs
0.9345840290737648,1.0,0.9546012768073726,1.0,0.9418130268696772,1.4142135623730951,BraTS20_Training_157.nii.gz,2,0.9436661109169382,1.1380711874576983,nnUNetTrainerUMambaEnc_150epochs
0.8455435070087278,2.0,0.9095697355777785,3.7416573867739413,0.9328710147538031,11.224972160321824,BraTS20_Training_160.nii.gz,2,0.8959947524467698,5.655543182365255,nnUNetTrainerUMambaEnc_150epochs
0.8737274003861681,2.0,0.941033391415668,2.23606797749979,0.9770770823233448,1.0,BraTS20_Training_163.nii.gz,2,0.9306126247083937,1.74535599249993,nnUNetTrainerUMambaEnc_150epochs
0.9329467919101674,1.4142135623730951,0.9546936578545223,1.7320508075688772,0.9223244969580687,2.23606797749979,BraTS20_Training_180.nii.gz,2,0.9366549822409195,1.7941107824805873,nnUNetTrainerUMambaEnc_150epochs
0.9292739529229749,1.0,0.943142908632186,1.0,0.9143885442989509,2.23606797749979,BraTS20_Training_182.nii.gz,2,0.928935135284704,1.4120226591665965,nnUNetTrainerUMambaEnc_150epochs
0.8617743702081051,1.0,0.907262442146163,1.4142135623730951,0.8073321195080166,10.04987562112089,BraTS20_Training_188.nii.gz,2,0.858789643954095,4.154696394497995,nnUNetTrainerUMambaEnc_150epochs
0.9549478196049198,1.0,0.964504765481108,1.0,0.9504550804445888,2.0,BraTS20_Training_189.nii.gz,2,0.9566358885102055,1.3333333333333333,nnUNetTrainerUMambaEnc_150epochs
0.9492738642823918,1.0,0.9567212823980666,1.4142135623730951,0.9447409927323334,1.4142135623730951,BraTS20_Training_196.nii.gz,2,0.9502453798042639,1.2761423749153968,nnUNetTrainerUMambaEnc_150epochs
0.9104756430521627,2.0,0.9394533987386124,2.23606797749979,0.9600534196872821,1.4142135623730951,BraTS20_Training_199.nii.gz,2,0.9366608204926857,1.8834271799576283,nnUNetTrainerUMambaEnc_150epochs
0.9303343949044586,1.0,0.9377640101379893,1.0,0.8359311516584177,5.916079783099616,BraTS20_Training_206.nii.gz,2,0.9013431855669551,2.6386932610332052,nnUNetTrainerUMambaEnc_150epochs
0.9118380086492698,1.4142135623730951,0.9314027546062326,1.7320508075688772,0.9681805276934549,1.4142135623730951,BraTS20_Training_221.nii.gz,2,0.9371404303163191,1.520159310771689,nnUNetTrainerUMambaEnc_150epochs
0.9417381844554575,1.0,0.8745710627400768,3.1622776601683795,0.9185352426313673,2.23606797749979,BraTS20_Training_222.nii.gz,2,0.9116148299423006,2.132781879222723,nnUNetTrainerUMambaEnc_150epochs
0.9046060509299912,2.23606797749979,0.9396947182325549,1.7320508075688772,0.9775589340493673,1.0,BraTS20_Training_231.nii.gz,2,0.9406199010706379,1.656039595022889,nnUNetTrainerUMambaEnc_150epochs
0.922869458800053,1.0,0.961068143372916,1.7320508075688772,0.9633717557444448,2.0,BraTS20_Training_235.nii.gz,2,0.9491031193058046,1.5773502691896257,nnUNetTrainerUMambaEnc_150epochs
0.8167288225892382,2.23606797749979,0.8152997047875754,4.898979485566356,0.9201000394892721,6.082762530298219,BraTS20_Training_239.nii.gz,2,0.8507095222886952,4.405936664454789,nnUNetTrainerUMambaEnc_150epochs
0.9358203799654576,1.0,0.9539885987268989,2.0,0.9232954324360082,3.7416573867739413,BraTS20_Training_247.nii.gz,2,0.9377014703761216,2.2472191289246473,nnUNetTrainerUMambaEnc_150epochs
0.785763175906913,1.4142135623730951,0.7703451214316148,2.23606797749979,0.8908227553458924,5.0990195135927845,BraTS20_Training_250.nii.gz,2,0.81564368422814,2.9164336844885566,nnUNetTrainerUMambaEnc_150epochs
0.9428621048975339,1.4142135623730951,0.9507198228128461,1.0,0.9568258221531162,1.4142135623730951,BraTS20_Training_257.nii.gz,2,0.9501359166211654,1.2761423749153968,nnUNetTrainerUMambaEnc_150epochs
0.0,,0.33212611844908396,14.75295694108138,0.8756098282132403,3.3166247903554,BraTS20_Training_263.nii.gz,2,0.40257864888744144,9.034790865718389,nnUNetTrainerUMambaEnc_150epochs
0.9730151815290027,1.0,0.9776909039763998,1.0,0.9574777654821919,1.0,BraTS20_Training_270.nii.gz,2,0.9693946169958648,1.0,nnUNetTrainerUMambaEnc_150epochs
0.4051948051948052,3.0,0.9411189238764903,1.4142135623730951,0.9576857947315157,1.4142135623730951,BraTS20_Training_271.nii.gz,2,0.7679998412676038,1.9428090415820634,nnUNetTrainerUMambaEnc_150epochs
0.34604456407955736,14.484434995414132,0.910008448223177,3.4641016151377544,0.8996830649430411,16.638806589404414,BraTS20_Training_273.nii.gz,2,0.7185786924152584,11.529114399985433,nnUNetTrainerUMambaEnc_150epochs
,,0.0,69.58448102845921,0.3384629954069795,62.07092708842947,BraTS20_Training_275.nii.gz,2,0.16923149770348975,65.82770405844434,nnUNetTrainerUMambaEnc_150epochs
0.8029948525970987,1.4142135623730951,0.9013785790031813,1.0,0.9107174648388819,5.0990195135927845,BraTS20_Training_276.nii.gz,2,0.8716969654797206,2.50441102532196,nnUNetTrainerUMambaEnc_150epochs
0.8127833845253766,2.8284271247461903,0.9279082533772495,3.0,0.9583237819823315,2.449489742783178,BraTS20_Training_285.nii.gz,2,0.8996718066283191,2.7593056225097894,nnUNetTrainerUMambaEnc_150epochs
0.9093535572408812,2.23606797749979,0.7217860647693818,13.19090595827292,0.9193080631692742,5.385164807134504,BraTS20_Training_293.nii.gz,2,0.8501492283931791,6.937379580969071,nnUNetTrainerUMambaEnc_150epochs
0.9203109815354713,1.0,0.786242903050719,8.602325267042627,0.9198747126259431,2.8284271247461903,BraTS20_Training_300.nii.gz,2,0.8754761990707112,4.143584130596272,nnUNetTrainerUMambaEnc_150epochs
0.6967758778227385,5.620928514604106,0.6764155588380109,12.449899597988733,0.8956006530365117,6.4031242374328485,BraTS20_Training_301.nii.gz,2,0.756264029899087,8.157984116675228,nnUNetTrainerUMambaEnc_150epochs
0.014705882352941176,19.829672612389487,0.9037217577309515,4.123105625617661,0.9332176192416004,5.0990195135927845,BraTS20_Training_307.nii.gz,2,0.617215086441831,9.683932583866644,nnUNetTrainerUMambaEnc_150epochs
0.0,,0.7581360885166468,14.45683229480096,0.8852684574251852,5.196152422706632,BraTS20_Training_312.nii.gz,2,0.547801515313944,9.826492358753796,nnUNetTrainerUMambaEnc_150epochs
0.8743245115699044,1.4142135623730951,0.7425668046669176,3.0,0.9482737734706239,1.4142135623730951,BraTS20_Training_317.nii.gz,2,0.855055029902482,1.9428090415820634,nnUNetTrainerUMambaEnc_150epochs
0.904996214988645,1.4142135623730951,0.903951975987994,2.0,0.8361350994191585,17.72004514666935,BraTS20_Training_320.nii.gz,2,0.8816944301319325,7.044752903014148,nnUNetTrainerUMambaEnc_150epochs
,,0.759559317479511,5.0990195135927845,0.9568035729516395,1.4142135623730951,BraTS20_Training_321.nii.gz,2,0.8581814452155753,3.2566165379829397,nnUNetTrainerUMambaEnc_150epochs
0.3564356435643564,30.3430310666631,0.9490865993706322,1.7320508075688772,0.9553804335912668,2.23606797749979,BraTS20_Training_322.nii.gz,2,0.7536342255087518,11.437049950577256,nnUNetTrainerUMambaEnc_150epochs
0.2958126330731015,10.862780491200215,0.6640416870910679,13.490737563232042,0.9148187574012561,5.0,BraTS20_Training_326.nii.gz,2,0.6248910258551419,9.784506018144086,nnUNetTrainerUMambaEnc_150epochs
0.8529667989546027,2.8284271247461903,0.8519930054252791,2.449489742783178,0.9742190415267339,1.0,BraTS20_Training_334.nii.gz,2,0.8930596153022052,2.092638955843123,nnUNetTrainerUMambaEnc_150epochs
0.9390252381283459,1.0,0.9820480182592284,1.0,0.9685849594604646,1.0,BraTS20_Training_346.nii.gz,2,0.9632194052826797,1.0,nnUNetTrainerUMambaEnc_150epochs
0.9497165087116666,1.0,0.9755158607945796,1.0,0.9749026548672567,1.0,BraTS20_Training_347.nii.gz,2,0.9667116747911676,1.0,nnUNetTrainerUMambaEnc_150epochs
0.9587921800730663,1.0,0.9786721144024515,1.0,0.9776624048481265,1.0,BraTS20_Training_350.nii.gz,2,0.9717088997745481,1.0,nnUNetTrainerUMambaEnc_150epochs
0.9463662743308011,1.0,0.9717135468890179,1.0,0.9605927540852109,1.0,BraTS20_Training_351.nii.gz,2,0.9595575251016767,1.0,nnUNetTrainerUMambaEnc_150epochs
0.933489653755969,1.0,0.9719097971404816,1.4142135623730951,0.9643371526866672,1.4142135623730951,BraTS20_Training_354.nii.gz,2,0.9565788678610393,1.2761423749153968,nnUNetTrainerUMambaEnc_150epochs
0.9022827392871445,1.0,0.9492950541897119,1.4142135623730951,0.877713511289659,3.605551275463989,BraTS20_Training_356.nii.gz,2,0.9097637682555052,2.006588279279028,nnUNetTrainerUMambaEnc_150epochs
0.046822742474916385,29.02755658709664,0.03338457477368364,27.459060435491963,0.9533795773511857,3.605551275463989,BraTS20_Training_361.nii.gz,2,0.34452896486659523,20.03072276601753,nnUNetTrainerUMambaEnc_150epochs
0.9094617876093998,1.0,0.9629724251869263,1.4142135623730951,0.9681463026902378,1.4142135623730951,BraTS20_Training_362.nii.gz,2,0.9468601718288546,1.2761423749153968,nnUNetTrainerUMambaEnc_150epochs
0.8794009124452442,1.4142135623730951,0.9544618310354094,2.0,0.9558325161696788,1.4142135623730951,BraTS20_Training_364.nii.gz,2,0.9298984198834441,1.60947570824873,nnUNetTrainerUMambaEnc_150epochs
0.8558727987690203,1.0,0.9123934609473243,1.0,0.7715008044127787,4.58257569495584,BraTS20_Training_003.nii.gz,3,0.8465890213763745,2.1941918983186133,nnUNetTrainerUMambaEnc_150epochs
0.8989422294548414,1.0,0.9335385922072407,11.013608305156145,0.9205958516011589,2.0,BraTS20_Training_007.nii.gz,3,0.9176922244210803,4.671202768385382,nnUNetTrainerUMambaEnc_150epochs
0.8448441368160461,1.0,0.9169340337763988,3.0,0.9078427706760768,3.1622776601683795,BraTS20_Training_014.nii.gz,3,0.8898736470895072,2.3874258867227933,nnUNetTrainerUMambaEnc_150epochs
0.9058566409383905,1.0,0.9666852782430672,1.0,0.9252516233233319,2.0,BraTS20_Training_025.nii.gz,3,0.9325978475015965,1.3333333333333333,nnUNetTrainerUMambaEnc_150epochs
0.9235947492426793,1.0,0.9527139385153285,1.0,0.9578897070535047,1.0,BraTS20_Training_033.nii.gz,3,0.9447327982705042,1.0,nnUNetTrainerUMambaEnc_150epochs
0.8743029527379103,1.0,0.9486807945420516,1.0,0.9190851863963375,1.7320508075688772,BraTS20_Training_052.nii.gz,3,0.9140229778920997,1.2440169358562925,nnUNetTrainerUMambaEnc_150epochs
0.9062723224463122,1.0,0.9611510237100098,1.4142135623730951,0.9411139228270289,2.0,BraTS20_Training_062.nii.gz,3,0.936179089661117,1.4714045207910318,nnUNetTrainerUMambaEnc_150epochs
0.8349392062399633,1.0,0.9267865824015556,1.4142135623730951,0.9475608500120155,1.4142135623730951,BraTS20_Training_066.nii.gz,3,0.9030955462178448,1.2761423749153968,nnUNetTrainerUMambaEnc_150epochs
0.7621206482389958,1.4142135623730951,0.8603472022521227,3.3166247903554,0.9207573880729074,2.23606797749979,BraTS20_Training_070.nii.gz,3,0.8477417461880087,2.322302110076095,nnUNetTrainerUMambaEnc_150epochs
0.665905457867093,3.605551275463989,0.8725007244277021,1.4142135623730951,0.8467874794069192,2.449489742783178,BraTS20_Training_079.nii.gz,3,0.7950645539005714,2.4897515268734205,nnUNetTrainerUMambaEnc_150epochs
0.8497416974169741,1.4142135623730951,0.8472926384100589,3.1622776601683795,0.8993635189925027,2.23606797749979,BraTS20_Training_080.nii.gz,3,0.8654659516065119,2.2708530666804214,nnUNetTrainerUMambaEnc_150epochs
0.7141313954630266,2.8284271247461903,0.9014066817382567,1.7320508075688772,0.9050882658359294,2.0,BraTS20_Training_085.nii.gz,3,0.8402087810124043,2.186825977438356,nnUNetTrainerUMambaEnc_150epochs
0.3740122914837577,10.198039027185569,0.549468162611103,7.615773105863909,0.5982424399069527,9.899494936611665,BraTS20_Training_087.nii.gz,3,0.5072409646672711,9.23776902322038,nnUNetTrainerUMambaEnc_150epochs
0.8416129845716512,1.4142135623730951,0.9169464832258639,2.23606797749979,0.9735924023645702,1.0,BraTS20_Training_095.nii.gz,3,0.9107172900540285,1.550093846624295,nnUNetTrainerUMambaEnc_150epochs
0.9332552540828941,1.0,0.9741030138733854,1.0,0.9644214631256788,1.4142135623730951,BraTS20_Training_097.nii.gz,3,0.9572599103606527,1.1380711874576983,nnUNetTrainerUMambaEnc_150epochs
0.8331634386680258,8.48528137423857,0.7740308855972265,9.433981132056603,0.6133873568445859,9.433981132056603,BraTS20_Training_099.nii.gz,3,0.7401938937032794,9.117747879450592,nnUNetTrainerUMambaEnc_150epochs
0.9265209940017138,1.0,0.9692354553761803,1.0,0.9393923629174904,3.605551275463989,BraTS20_Training_103.nii.gz,3,0.9450496040984615,1.8685170918213296,nnUNetTrainerUMambaEnc_150epochs
0.8958801498127341,1.0,0.9113266366470385,1.0,0.7708458498023716,5.385164807134504,BraTS20_Training_110.nii.gz,3,0.859350878754048,2.461721602378168,nnUNetTrainerUMambaEnc_150epochs
0.9644665810439704,1.0,0.9848371533735134,1.0,0.9717370411081888,1.0,BraTS20_Training_112.nii.gz,3,0.9736802585085576,1.0,nnUNetTrainerUMambaEnc_150epochs
0.9297754189395057,1.0,0.9706031226881595,1.0,0.9681153388436201,1.0,BraTS20_Training_117.nii.gz,3,0.9561646268237618,1.0,nnUNetTrainerUMambaEnc_150epochs
0.9427731915489016,1.0,0.9707269330011566,1.0,0.9653068548869482,1.0,BraTS20_Training_122.nii.gz,3,0.9596023264790021,1.0,nnUNetTrainerUMambaEnc_150epochs
0.916163812907771,1.0,0.9167942083910308,2.449489742783178,0.930399899711671,3.3166247903554,BraTS20_Training_126.nii.gz,3,0.921119307003491,2.2553715110461927,nnUNetTrainerUMambaEnc_150epochs
0.9759466926702421,1.0,0.9787966512792426,1.0,0.9736052168512577,1.0,BraTS20_Training_127.nii.gz,3,0.9761161869335808,1.0,nnUNetTrainerUMambaEnc_150epochs
0.9098163701695214,2.23606797749979,0.9284130257168424,1.7320508075688772,0.9150940956387555,6.164414002968976,BraTS20_Training_132.nii.gz,3,0.9177744971750398,3.377510929345881,nnUNetTrainerUMambaEnc_150epochs
0.910099024589252,1.0,0.9521443802070739,1.7320508075688772,0.9540033063475215,1.4142135623730951,BraTS20_Training_140.nii.gz,3,0.9387489037146158,1.3820881233139908,nnUNetTrainerUMambaEnc_150epochs
0.9298264166905866,1.0,0.9753692222993513,1.0,0.9657766990291262,1.0,BraTS20_Training_154.nii.gz,3,0.956990779339688,1.0,nnUNetTrainerUMambaEnc_150epochs
0.9338660975775875,1.0,0.9596299559471365,1.4142135623730951,0.736625143829106,14.866068747318506,BraTS20_Training_164.nii.gz,3,0.87670706578461,5.760094103230534,nnUNetTrainerUMambaEnc_150epochs
0.8728111777091616,2.23606797749979,0.9248086756580528,4.123105625617661,0.9370460124928516,3.3166247903554,BraTS20_Training_168.nii.gz,3,0.911555288620022,3.2252661311576167,nnUNetTrainerUMambaEnc_150epochs
0.9071069429091039,1.0,0.9459949705239724,1.4142135623730951,0.9428557929054037,1.4142135623730951,BraTS20_Training_170.nii.gz,3,0.9319859021128266,1.2761423749153968,nnUNetTrainerUMambaEnc_150epochs
0.7661887462214704,3.0,0.815658966518488,7.874007874011811,0.9048657136075661,5.830951894845301,BraTS20_Training_171.nii.gz,3,0.8289044754491748,5.56831992295237,nnUNetTrainerUMambaEnc_150epochs
0.37186681631126073,10.246950765959598,0.39683505782105905,10.04987562112089,0.69157387991376,29.108413412703626,BraTS20_Training_177.nii.gz,3,0.4867585846820266,16.468413266594705,nnUNetTrainerUMambaEnc_150epochs
0.9462407757299205,1.0,0.9594450495900935,1.0,0.9319161050072323,2.449489742783178,BraTS20_Training_184.nii.gz,3,0.9458673101090821,1.4831632475943926,nnUNetTrainerUMambaEnc_150epochs
0.8419903888495338,2.0,0.9486642171833448,1.7320508075688772,0.8800816673755849,37.169879695378945,BraTS20_Training_193.nii.gz,3,0.8902454244694878,13.633976834315941,nnUNetTrainerUMambaEnc_150epochs
0.9264808925780197,1.0,0.9737580180226971,1.0,0.9538010643494357,1.7320508075688772,BraTS20_Training_194.nii.gz,3,0.9513466583167175,1.2440169358562925,nnUNetTrainerUMambaEnc_150epochs
0.8197579326136736,2.0,0.9228546850400091,2.8284271247461903,0.9329831847237491,2.23606797749979,BraTS20_Training_195.nii.gz,3,0.891865267459144,2.35483170074866,nnUNetTrainerUMambaEnc_150epochs
0.8972473208657281,1.4142135623730951,0.8834343829454332,1.4142135623730951,0.9358430937102956,2.23606797749979,BraTS20_Training_200.nii.gz,3,0.9055082658404856,1.6881650340819934,nnUNetTrainerUMambaEnc_150epochs
0.8929044436663672,1.4142135623730951,0.95685619140073,1.0,0.9596664246888224,1.0,BraTS20_Training_201.nii.gz,3,0.9364756865853066,1.1380711874576983,nnUNetTrainerUMambaEnc_150epochs
0.6983313384496234,2.449489742783178,0.8678589658934985,7.0710678118654755,0.9383019225106222,5.744562646538029,BraTS20_Training_212.nii.gz,3,0.8348307422845813,5.088373400395561,nnUNetTrainerUMambaEnc_150epochs
0.8829834091910146,2.0,0.8890370511477284,4.242640687119285,0.9224804184339952,9.848857801796104,BraTS20_Training_213.nii.gz,3,0.8981669595909128,5.363832829638463,nnUNetTrainerUMambaEnc_150epochs
0.8955798084516168,1.0,0.9327694830413394,2.23606797749979,0.9224363333029575,2.0,BraTS20_Training_215.nii.gz,3,0.9169285415986379,1.74535599249993,nnUNetTrainerUMambaEnc_150epochs
0.9326083374526281,1.0,0.9311764461263359,1.4142135623730951,0.8509584320482446,47.808471792296956,BraTS20_Training_217.nii.gz,3,0.9049144052090695,16.74089511822335,nnUNetTrainerUMambaEnc_150epochs
0.8672005387520862,1.4142135623730951,0.9383493574928353,2.23606797749979,0.9572731594005327,2.0,BraTS20_Training_218.nii.gz,3,0.9209410185484848,1.8834271799576283,nnUNetTrainerUMambaEnc_150epochs
0.8612680286944625,3.1622776601683795,0.9458890771824506,2.23606797749979,0.9688707527512981,1.4142135623730951,BraTS20_Training_225.nii.gz,3,0.9253426195427371,2.2708530666804214,nnUNetTrainerUMambaEnc_150epochs
0.9371269399124552,1.0,0.9296282930350054,1.0,0.9504550050556118,1.0,BraTS20_Training_233.nii.gz,3,0.9390700793343575,1.0,nnUNetTrainerUMambaEnc_150epochs
0.7793068809643395,14.26357935251478,0.9074853024377044,4.242640687119285,0.9317609744576036,2.23606797749979,BraTS20_Training_234.nii.gz,3,0.8728510526198825,6.914096005711285,nnUNetTrainerUMambaEnc_150epochs
0.8799913837206171,1.4142135623730951,0.9201223976421559,2.0,0.9579939500079605,3.0,BraTS20_Training_237.nii.gz,3,0.9193692437902445,2.1380711874576983,nnUNetTrainerUMambaEnc_150epochs
0.8436899820333312,2.23606797749979,0.8870620717101745,5.2339548995923435,0.8739898949650149,4.69041575982343,BraTS20_Training_242.nii.gz,3,0.8682473162361736,4.053479545638521,nnUNetTrainerUMambaEnc_150epochs
0.8021363173957273,45.4972526643093,0.8537165410109802,49.72926703662542,0.9382998542037907,2.0,BraTS20_Training_243.nii.gz,3,0.8647175708701661,32.40883990031158,nnUNetTrainerUMambaEnc_150epochs
0.7889553414747699,2.0,0.9353570317671737,2.449489742783178,0.952876597072853,1.4142135623730951,BraTS20_Training_244.nii.gz,3,0.8923963234382655,1.9545677683854243,nnUNetTrainerUMambaEnc_150epochs
0.8058826162868783,3.0,0.7373437939229767,9.643650760992955,0.9365465431961025,2.449489742783178,BraTS20_Training_246.nii.gz,3,0.8265909844686525,5.031046834592044,nnUNetTrainerUMambaEnc_150epochs
0.850760046772109,3.0,0.6090088190857665,9.848857801796104,0.8347964730967977,11.045361017187261,BraTS20_Training_260.nii.gz,3,0.7648551129848911,7.964739606327789,nnUNetTrainerUMambaEnc_150epochs
0.0,,0.9348268393533002,1.7320508075688772,0.9397735636323776,2.0,BraTS20_Training_265.nii.gz,3,0.624866800995226,1.8660254037844386,nnUNetTrainerUMambaEnc_150epochs
0.0,,0.8307708272081078,4.123105625617661,0.9422921985264854,1.7320508075688772,BraTS20_Training_266.nii.gz,3,0.5910210085781977,2.927578216593269,nnUNetTrainerUMambaEnc_150epochs
0.7752789955482677,5.830951894845301,0.7068592822831308,12.529964086141668,0.8914636556023608,7.280109889280518,BraTS20_Training_274.nii.gz,3,0.7912006444779198,8.547008623422496,nnUNetTrainerUMambaEnc_150epochs
0.0,,0.005017642679097472,28.178005607210743,0.9048825830381216,4.0,BraTS20_Training_278.nii.gz,3,0.30330007523907304,16.08900280360537,nnUNetTrainerUMambaEnc_150epochs
0.794212603132847,2.0,0.793479450056526,5.0,0.966174936671137,1.4142135623730951,BraTS20_Training_282.nii.gz,3,0.85128899662017,2.8047378541243653,nnUNetTrainerUMambaEnc_150epochs
0.0,,0.6095628197798539,10.099504938362077,0.9666134833843186,2.0,BraTS20_Training_289.nii.gz,3,0.5253921010547242,6.049752469181039,nnUNetTrainerUMambaEnc_150epochs
0.0,24.294002936447786,0.7185619611007682,9.643650760992955,0.9620978331852013,1.4142135623730951,BraTS20_Training_291.nii.gz,3,0.5602199314286564,11.783955753271279,nnUNetTrainerUMambaEnc_150epochs
0.614187157261631,12.14057120095705,0.8726188531285738,3.1622776601683795,0.9394676411763253,2.23606797749979,BraTS20_Training_292.nii.gz,3,0.8087578838555101,5.8463056128750726,nnUNetTrainerUMambaEnc_150epochs
0.5348066298342542,14.324796869502546,0.9425469633362841,2.23606797749979,0.9571271016874529,1.7320508075688772,BraTS20_Training_299.nii.gz,3,0.8114935649526637,6.097638551523738,nnUNetTrainerUMambaEnc_150epochs
0.0,,0.7628049280192313,18.439088914585774,0.9372732306014676,3.7416573867739413,BraTS20_Training_306.nii.gz,3,0.5666927195402329,11.090373150679858,nnUNetTrainerUMambaEnc_150epochs
0.8923611111111112,1.7320508075688772,0.6801602361374658,5.196152422706632,0.8646130256148146,3.1622776601683795,BraTS20_Training_314.nii.gz,3,0.8123781242877972,3.3634936301479628,nnUNetTrainerUMambaEnc_150epochs
0.7821229050279329,1.0,0.8831296035104216,2.23606797749979,0.9794990576759844,1.0,BraTS20_Training_315.nii.gz,3,0.8815838554047797,1.4120226591665965,nnUNetTrainerUMambaEnc_150epochs
0.3349536014140521,11.97491258634388,0.8904602060339486,5.385164807134504,0.9575450935475168,3.1622776601683795,BraTS20_Training_318.nii.gz,3,0.7276529669985059,6.840785017882254,nnUNetTrainerUMambaEnc_150epochs
0.0,,0.891784529825307,4.358898943540674,0.9106100748272529,4.47213595499958,BraTS20_Training_323.nii.gz,3,0.6007982015508533,4.415517449270126,nnUNetTrainerUMambaEnc_150epochs
0.0,29.802665738717423,0.6212379329926179,9.1104335791443,0.3993458221825751,19.209372712298546,BraTS20_Training_325.nii.gz,3,0.34019458505839767,19.374157343386756,nnUNetTrainerUMambaEnc_150epochs
0.4065908125206553,9.219544457292887,0.8651170688051164,7.615773105863909,0.9686694600794433,1.7320508075688772,BraTS20_Training_327.nii.gz,3,0.7467924471350716,6.189122790241891,nnUNetTrainerUMambaEnc_150epochs
0.6339712918660287,51.06074048023926,0.7436890761897481,12.206555615733702,0.9495427831762006,3.0,BraTS20_Training_328.nii.gz,3,0.7757343837439925,22.089098698657654,nnUNetTrainerUMambaEnc_150epochs
0.0,,0.7809387141341435,7.483314773547883,0.9243558662251352,3.605551275463989,BraTS20_Training_335.nii.gz,3,0.5684315267864263,5.544433024505936,nnUNetTrainerUMambaEnc_150epochs
0.9279211065762988,1.0,0.9692384554992506,1.4142135623730951,0.9770105248205543,1.0,BraTS20_Training_337.nii.gz,3,0.9580566956320345,1.1380711874576983,nnUNetTrainerUMambaEnc_150epochs
0.6419362135263516,11.090536506409418,0.788521135490269,5.0990195135927845,0.9432370286380307,2.0,BraTS20_Training_344.nii.gz,3,0.7912314592182171,6.063185340000734,nnUNetTrainerUMambaEnc_150epochs
0.9057700799764486,1.4142135623730951,0.9457950751252087,3.0,0.9781316335710883,1.0,BraTS20_Training_348.nii.gz,3,0.9432322628909152,1.804737854124365,nnUNetTrainerUMambaEnc_150epochs
0.9575273791337651,1.0,0.9796676234010134,1.0,0.9675357656818759,1.0,BraTS20_Training_363.nii.gz,3,0.9682435894055514,1.0,nnUNetTrainerUMambaEnc_150epochs
0.9378903888776949,1.0,0.9435301423945349,2.8284271247461903,0.9605607155829279,1.7320508075688772,BraTS20_Training_367.nii.gz,3,0.9473270822850526,1.8534926441050226,nnUNetTrainerUMambaEnc_150epochs
0.8982723524192285,1.0,0.9389285793772674,2.0,0.9202412363362231,3.4641016151377544,BraTS20_Training_001.nii.gz,4,0.919147389377573,2.1547005383792515,nnUNetTrainerUMambaEnc_150epochs
0.8270333820228722,1.4142135623730951,0.9321791304546964,2.23606797749979,0.9391008545350784,2.23606797749979,BraTS20_Training_006.nii.gz,4,0.8994377890042157,1.9621165057908916,nnUNetTrainerUMambaEnc_150epochs
0.7332571428571428,1.0,0.922173988539677,1.4142135623730951,0.9046738272165796,3.1622776601683795,BraTS20_Training_013.nii.gz,4,0.8533683195377998,1.858830407513825,nnUNetTrainerUMambaEnc_150epochs
0.851291745431632,1.4142135623730951,0.9029768467475193,1.7320508075688772,0.907474984054622,2.23606797749979,BraTS20_Training_024.nii.gz,4,0.8872478587445911,1.7941107824805873,nnUNetTrainerUMambaEnc_150epochs
0.825739346425522,2.23606797749979,0.8453312467396974,13.30413469565007,0.858952228225897,3.605551275463989,BraTS20_Training_030.nii.gz,4,0.8433409404637054,6.381917982871283,nnUNetTrainerUMambaEnc_150epochs
0.8030246684021322,1.4142135623730951,0.8621119628742125,4.0,0.8903494484577896,3.0,BraTS20_Training_035.nii.gz,4,0.8518286932447114,2.8047378541243653,nnUNetTrainerUMambaEnc_150epochs
0.8571813074050398,1.0,0.9340358780468184,1.7320508075688772,0.8717297479708008,4.242640687119285,BraTS20_Training_037.nii.gz,4,0.887648977807553,2.324897164896054,nnUNetTrainerUMambaEnc_150epochs
0.7685834502103787,3.1622776601683795,0.7627627627627628,4.123105625617661,0.8280218366821962,4.549443772969042,BraTS20_Training_044.nii.gz,4,0.7864560165517792,3.9449423529183605,nnUNetTrainerUMambaEnc_150epochs
0.715683180814137,3.4641016151377544,0.8592624918175867,2.0,0.8071404270647802,5.916079783099616,BraTS20_Training_059.nii.gz,4,0.7940286998988346,3.7933937994124567,nnUNetTrainerUMambaEnc_150epochs
0.8559584282127635,1.0,0.9565560487564292,1.0,0.9208619385877688,3.3166247903554,BraTS20_Training_060.nii.gz,4,0.9111254718523205,1.7722082634518,nnUNetTrainerUMambaEnc_150epochs
0.7520077877829155,5.916079783099616,0.768943635684957,6.2360270733080725,0.8972387655657823,1.7320508075688772,BraTS20_Training_063.nii.gz,4,0.8060633963445516,4.628052554658855,nnUNetTrainerUMambaEnc_150epochs
0.7751271020727415,1.7320508075688772,0.913171335706547,4.123105625617661,0.8575749963365362,10.295630140987,BraTS20_Training_064.nii.gz,4,0.8486244780386082,5.383595524724512,nnUNetTrainerUMambaEnc_150epochs
0.8844090391806211,1.0,0.9329366555101029,1.0,0.7523437229736742,17.744010218904382,BraTS20_Training_065.nii.gz,4,0.8565631392214661,6.581336739634794,nnUNetTrainerUMambaEnc_150epochs
0.8508698386082583,1.0,0.9552761136484964,1.0,0.920672826124758,1.7320508075688772,BraTS20_Training_073.nii.gz,4,0.9089395927938375,1.2440169358562925,nnUNetTrainerUMambaEnc_150epochs
0.7782824698367636,1.4142135623730951,0.9598208595004801,1.7320508075688772,0.9523806869643977,2.23606797749979,BraTS20_Training_075.nii.gz,4,0.8968280054338805,1.7941107824805873,nnUNetTrainerUMambaEnc_150epochs
0.8993296845212472,1.0,0.9541981474367183,1.0,0.9355594377828953,1.4142135623730951,BraTS20_Training_077.nii.gz,4,0.9296957565802869,1.1380711874576983,nnUNetTrainerUMambaEnc_150epochs
0.8178227848101266,1.0,0.925582701488346,1.0,0.853401997861897,4.0,BraTS20_Training_078.nii.gz,4,0.8656024947201232,2.0,nnUNetTrainerUMambaEnc_150epochs
0.8265323840944608,1.0,0.9380089745720459,1.4142135623730951,0.9391579079079079,1.4142135623730951,BraTS20_Training_081.nii.gz,4,0.9012330888581382,1.2761423749153968,nnUNetTrainerUMambaEnc_150epochs
0.823846334036074,1.0,0.9104889260342666,1.4142135623730951,0.8158176682575241,5.157299259061128,BraTS20_Training_082.nii.gz,4,0.8500509761092883,2.523837607144741,nnUNetTrainerUMambaEnc_150epochs
0.8987200890372844,1.0,0.9578304699701832,1.0,0.9363273243285857,1.4142135623730951,BraTS20_Training_083.nii.gz,4,0.9309592944453511,1.1380711874576983,nnUNetTrainerUMambaEnc_150epochs
0.8432095405398718,1.7320508075688772,0.9311564431424386,2.23606797749979,0.9383371905463216,2.449489742783178,BraTS20_Training_084.nii.gz,4,0.904234391409544,2.1392028426172818,nnUNetTrainerUMambaEnc_150epochs
0.9459279555411074,1.0,0.9640454705261924,1.0,0.9414862204724409,1.4142135623730951,BraTS20_Training_092.nii.gz,4,0.9504865488465802,1.1380711874576983,nnUNetTrainerUMambaEnc_150epochs
0.9369362763071056,1.0,0.9701823019227908,1.0,0.9495528325243056,2.0,BraTS20_Training_106.nii.gz,4,0.952223803584734,1.3333333333333333,nnUNetTrainerUMambaEnc_150epochs
0.9577003088949126,1.0,0.9631359056279184,1.0,0.9410107881171281,1.4142135623730951,BraTS20_Training_108.nii.gz,4,0.9539490008799864,1.1380711874576983,nnUNetTrainerUMambaEnc_150epochs
0.9512446275071633,1.0,0.9769284959492779,1.0,0.9556405697504845,1.0,BraTS20_Training_109.nii.gz,4,0.9612712310689753,1.0,nnUNetTrainerUMambaEnc_150epochs
0.917639429312581,1.0,0.9613127169454087,1.0,0.7161454888993859,22.045407685048602,BraTS20_Training_119.nii.gz,4,0.8650325450524585,8.0151358950162,nnUNetTrainerUMambaEnc_150epochs
0.8937527650359746,1.0,0.9640264920458473,1.4142135623730951,0.9411153206431343,42.720018726587654,BraTS20_Training_120.nii.gz,4,0.9329648592416521,15.04474409632025,nnUNetTrainerUMambaEnc_150epochs
0.9302425697491514,1.0,0.950746120316338,1.4142135623730951,0.9722078188009234,1.0,BraTS20_Training_125.nii.gz,4,0.951065502955471,1.1380711874576983,nnUNetTrainerUMambaEnc_150epochs
0.8907102196524901,1.0,0.9623605830962512,1.0,0.8884744951941592,3.7416573867739413,BraTS20_Training_130.nii.gz,4,0.9138484326476335,1.9138857955913138,nnUNetTrainerUMambaEnc_150epochs
0.8032588846748139,3.3166247903554,0.9236635139595497,4.47213595499958,0.9128559768112962,3.0,BraTS20_Training_134.nii.gz,4,0.8799261251485533,3.596253581784993,nnUNetTrainerUMambaEnc_150epochs
0.8952201554038145,1.0,0.9389209009952855,1.0,0.8942405890036813,2.23606797749979,BraTS20_Training_139.nii.gz,4,0.9094605484675937,1.4120226591665965,nnUNetTrainerUMambaEnc_150epochs
0.7617179056581813,2.23606797749979,0.9575471309279455,2.0,0.9358979886248694,2.8284271247461903,BraTS20_Training_143.nii.gz,4,0.8850543417369987,2.35483170074866,nnUNetTrainerUMambaEnc_150epochs
0.9438875954744108,1.0,0.9406007330122309,2.8284271247461903,0.9385924472780774,2.449489742783178,BraTS20_Training_144.nii.gz,4,0.9410269252549064,2.092638955843123,nnUNetTrainerUMambaEnc_150epochs
0.20568728990642318,49.49747468305833,0.5588658688043355,13.601470508735444,0.8388786797537636,7.615773105863909,BraTS20_Training_147.nii.gz,4,0.5344772794881741,23.571572765885893,nnUNetTrainerUMambaEnc_150epochs
0.9586541619530708,1.0,0.9396405043409973,4.289143989687586,0.9577649223424887,1.0,BraTS20_Training_156.nii.gz,4,0.9520198628788523,2.0963813298958622,nnUNetTrainerUMambaEnc_150epochs
0.8274294557148729,2.8284271247461903,0.8907811505782834,2.8284271247461903,0.931327115609589,1.7320508075688772,BraTS20_Training_167.nii.gz,4,0.8831792406342485,2.4629683523537524,nnUNetTrainerUMambaEnc_150epochs
0.949613235926085,1.0,0.9551831957027179,1.0,0.9172054397503066,5.744562646538029,BraTS20_Training_172.nii.gz,4,0.9406672904597032,2.5815208821793427,nnUNetTrainerUMambaEnc_150epochs
0.8596616972477065,2.449489742783178,0.8352146449877179,4.123105625617661,0.8923079449939845,3.1622776601683795,BraTS20_Training_173.nii.gz,4,0.862394762409803,3.244957676189739,nnUNetTrainerUMambaEnc_150epochs
0.8695329662491798,3.0,0.9243873436045911,3.0,0.9439340867534642,2.8284271247461903,BraTS20_Training_179.nii.gz,4,0.9126181322024117,2.9428090415820636,nnUNetTrainerUMambaEnc_150epochs
0.9440948766221345,1.0,0.9621003671553553,1.0,0.9236835282594918,2.8284271247461903,BraTS20_Training_186.nii.gz,4,0.9432929240123272,1.60947570824873,nnUNetTrainerUMambaEnc_150epochs
0.8520105150423523,2.449489742783178,0.8320668355330401,5.196152422706632,0.923217356231558,3.7416573867739413,BraTS20_Training_190.nii.gz,4,0.8690982356023168,3.7957665174212503,nnUNetTrainerUMambaEnc_150epochs
0.8781534305351396,1.0,0.9331198820643348,2.0,0.959032733215704,1.4142135623730951,BraTS20_Training_202.nii.gz,4,0.9234353486050595,1.4714045207910318,nnUNetTrainerUMambaEnc_150epochs
0.8992458595019278,1.0,0.9594555968426376,1.0,0.9438012031802654,1.7320508075688772,BraTS20_Training_209.nii.gz,4,0.9341675531749436,1.2440169358562925,nnUNetTrainerUMambaEnc_150epochs
0.9161813917946826,1.0,0.968803907975559,1.0,0.9411779102066788,1.4142135623730951,BraTS20_Training_211.nii.gz,4,0.9420544033256402,1.1380711874576983,nnUNetTrainerUMambaEnc_150epochs
0.9312669451161427,1.0,0.9638040831616408,1.0,0.875243972445465,11.0,BraTS20_Training_219.nii.gz,4,0.9234383335744162,4.333333333333333,nnUNetTrainerUMambaEnc_150epochs
0.8146758879381081,2.23606797749979,0.8440536788523831,2.449489742783178,0.778246632684063,14.177446878757825,BraTS20_Training_227.nii.gz,4,0.8123253998248514,6.287668199680264,nnUNetTrainerUMambaEnc_150epochs
0.9083348079985843,1.0,0.9209095730575444,2.23606797749979,0.9112487860419946,5.744562646538029,BraTS20_Training_228.nii.gz,4,0.9134977223660411,2.9935435413459395,nnUNetTrainerUMambaEnc_150epochs
0.5286518328424368,28.231188426986208,0.6081209450855953,12.24744871391589,0.9383774574339798,2.449489742783178,BraTS20_Training_232.nii.gz,4,0.6917167451206706,14.309375627895092,nnUNetTrainerUMambaEnc_150epochs
0.6007611090446079,6.324555320336759,0.8180932365303782,5.196152422706632,0.9290759971847574,4.123105625617661,BraTS20_Training_236.nii.gz,4,0.7826434475865812,5.214604456220351,nnUNetTrainerUMambaEnc_150epochs
0.8839404933709184,1.0,0.9595818391782653,1.4142135623730951,0.9492841930230175,2.0,BraTS20_Training_248.nii.gz,4,0.930935508524067,1.4714045207910318,nnUNetTrainerUMambaEnc_150epochs
0.9036316228058385,2.0,0.9039835026657278,2.0,0.9000027919183271,6.082762530298219,BraTS20_Training_249.nii.gz,4,0.9025393057966311,3.36092084343274,nnUNetTrainerUMambaEnc_150epochs
0.8886146325097654,1.4142135623730951,0.9441286621158597,2.23606797749979,0.968995389712944,1.4142135623730951,BraTS20_Training_252.nii.gz,4,0.933912894779523,1.6881650340819934,nnUNetTrainerUMambaEnc_150epochs
0.8036847040653097,1.7320508075688772,0.9456282419673844,1.4142135623730951,0.96137388160454,1.0,BraTS20_Training_253.nii.gz,4,0.903562275879078,1.3820881233139908,nnUNetTrainerUMambaEnc_150epochs
0.8639653423644896,1.4142135623730951,0.9380549856380797,2.23606797749979,0.9447744515673705,2.23606797749979,BraTS20_Training_258.nii.gz,4,0.9155982598566466,1.9621165057908916,nnUNetTrainerUMambaEnc_150epochs
0.0,,0.3303753447655594,35.2845575287547,0.8920905964662635,3.0,BraTS20_Training_262.nii.gz,4,0.40748864707727434,19.14227876437735,nnUNetTrainerUMambaEnc_150epochs
0.0,,0.8738487384873849,3.0,0.8970460869404979,2.449489742783178,BraTS20_Training_264.nii.gz,4,0.5902982751426276,2.724744871391589,nnUNetTrainerUMambaEnc_150epochs
,,0.8304506699147381,3.0,0.8248362618656049,3.4641016151377544,BraTS20_Training_268.nii.gz,4,0.8276434658901715,3.232050807568877,nnUNetTrainerUMambaEnc_150epochs
0.0,,0.6256646401412549,18.732306181310356,0.7379588713534194,14.594519519326424,BraTS20_Training_279.nii.gz,4,0.4545411704982248,16.66341285031839,nnUNetTrainerUMambaEnc_150epochs
0.8198395331874544,8.697276783234841,0.06831498026179099,19.488441918736306,0.9527618156984828,2.0,BraTS20_Training_280.nii.gz,4,0.613638776382576,10.061906233990383,nnUNetTrainerUMambaEnc_150epochs
0.0,,0.7075929910851522,4.358898943540674,0.9110836744861048,3.0,BraTS20_Training_286.nii.gz,4,0.5395588885237523,3.679449471770337,nnUNetTrainerUMambaEnc_150epochs
0.9011347071769514,1.0,0.7179867242379326,10.246950765959598,0.9395189176275321,7.615773105863909,BraTS20_Training_288.nii.gz,4,0.8528801163474721,6.287574623941169,nnUNetTrainerUMambaEnc_150epochs
0.22021116138763197,14.45683229480096,0.7360570210889852,5.830951894845301,0.9088312306593668,2.0,BraTS20_Training_295.nii.gz,4,0.6216998043786613,7.429261396548754,nnUNetTrainerUMambaEnc_150epochs
0.2710843373493976,13.926032271839686,0.6094883410688975,13.334158190431054,0.9065908599326391,2.23606797749979,BraTS20_Training_298.nii.gz,4,0.5957211794503114,9.832086146590177,nnUNetTrainerUMambaEnc_150epochs
0.4153201675643327,8.594878719472092,0.6728170530978846,14.866068747318506,0.8581589726558175,7.14142842854285,BraTS20_Training_303.nii.gz,4,0.6487653977726783,10.200791965111149,nnUNetTrainerUMambaEnc_150epochs
0.0,,0.8979184473029002,3.4641016151377544,0.9264055269191855,3.0,BraTS20_Training_310.nii.gz,4,0.6081079914073619,3.232050807568877,nnUNetTrainerUMambaEnc_150epochs
0.6941247728649304,11.823692877469693,0.6122223811372413,15.165750888103101,0.8833679377303784,6.6332495807108,BraTS20_Training_316.nii.gz,4,0.7299050305775167,11.207564448761199,nnUNetTrainerUMambaEnc_150epochs
0.0,,0.764427006702632,11.360013569570057,0.9351803262190082,2.23606797749979,BraTS20_Training_324.nii.gz,4,0.5665357776405467,6.7980407735349235,nnUNetTrainerUMambaEnc_150epochs
0.0,,0.8778705018939394,3.0,0.9617381873661572,1.4142135623730951,BraTS20_Training_330.nii.gz,4,0.6132028964200322,2.2071067811865475,nnUNetTrainerUMambaEnc_150epochs
0.8861809696655432,1.0,0.8623060302494598,1.4142135623730951,0.9521237541458145,1.4142135623730951,BraTS20_Training_332.nii.gz,4,0.9002035846869392,1.2761423749153968,nnUNetTrainerUMambaEnc_150epochs
0.9060966010100563,1.4142135623730951,0.9638475974004269,2.0,0.9633255266690255,1.4142135623730951,BraTS20_Training_349.nii.gz,4,0.9444232416931696,1.60947570824873,nnUNetTrainerUMambaEnc_150epochs
0.9398939304655274,1.0,0.9238457877201333,2.23606797749979,0.9637465348018281,1.0,BraTS20_Training_358.nii.gz,4,0.9424954176624962,1.4120226591665965,nnUNetTrainerUMambaEnc_150epochs
0.9249442906340739,1.0,0.9774070762145181,1.0,0.9686840768976481,1.0,BraTS20_Training_365.nii.gz,4,0.9570118145820801,1.0,nnUNetTrainerUMambaEnc_150epochs
0.9157553975172695,3.1622776601683795,0.9268637478691115,4.58257569495584,0.944994772185873,2.449489742783178,BraTS20_Training_366.nii.gz,4,0.9292046391907514,3.3981143659691324,nnUNetTrainerUMambaEnc_150epochs
0.784954355137621,1.4142135623730951,0.9179596678529063,1.9598076211351854,0.9215031462017085,3.7416573867739413,BraTS20_Training_011.nii.gz,0,0.8748057230640786,2.3718928567607405,nnUNetTrainerUMambaEncRTHD_StageAwareDecoder_SkipCalibration_150epochs
0.8522777926361772,1.0,0.9309077316055074,1.0,0.8475428016912733,18.05547008526779,BraTS20_Training_012.nii.gz,0,0.8769094419776526,6.685156695089263,nnUNetTrainerUMambaEncRTHD_StageAwareDecoder_SkipCalibration_150epochs
0.8210186513629842,1.0,0.9328551808332062,1.7320508075688772,0.9008391847919164,4.242640687119285,BraTS20_Training_019.nii.gz,0,0.8849043389960356,2.324897164896054,nnUNetTrainerUMambaEncRTHD_StageAwareDecoder_SkipCalibration_150epochs
0.7285724813914068,1.4142135623730951,0.8740919083983658,5.477225575051661,0.9074343437948974,3.7416573867739413,BraTS20_Training_020.nii.gz,0,0.8366995778615567,3.5443655080662326,nnUNetTrainerUMambaEncRTHD_StageAwareDecoder_SkipCalibration_150epochs
0.7574120437475294,1.7320508075688772,0.9076201856788307,1.0,0.7979926148757502,4.123105625617661,BraTS20_Training_021.nii.gz,0,0.8210082814340368,2.2850521443955127,nnUNetTrainerUMambaEncRTHD_StageAwareDecoder_SkipCalibration_150epochs
0.8797751255702502,1.0,0.9544810485299327,1.0,0.9148925721301412,1.4142135623730951,BraTS20_Training_023.nii.gz,0,0.916382915410108,1.1380711874576983,nnUNetTrainerUMambaEncRTHD_StageAwareDecoder_SkipCalibration_150epochs
0.67451703928804,1.7320508075688772,0.8581560283687943,2.8284271247461903,0.8321975054648322,6.4031242374328485,BraTS20_Training_028.nii.gz,0,0.7882901910405555,3.6545340565826385,nnUNetTrainerUMambaEncRTHD_StageAwareDecoder_SkipCalibration_150epochs
0.8944778567523237,1.0,0.9464855122695134,1.0,0.9381293791754929,1.0,BraTS20_Training_029.nii.gz,0,0.92636424939911,1.0,nnUNetTrainerUMambaEncRTHD_StageAwareDecoder_SkipCalibration_150epochs
0.8068153345026309,1.0,0.9044600536805436,2.23606797749979,0.8891798759476224,2.8284271247461903,BraTS20_Training_032.nii.gz,0,0.8668184213769323,2.021498367415327,nnUNetTrainerUMambaEncRTHD_StageAwareDecoder_SkipCalibration_150epochs
0.7936123348017621,2.0,0.8842048614225491,2.0,0.9033338807685991,1.7320508075688772,BraTS20_Training_036.nii.gz,0,0.8603836923309701,1.910683602522959,nnUNetTrainerUMambaEncRTHD_StageAwareDecoder_SkipCalibration_150epochs
0.88519045239651,1.0,0.9372870334243725,1.4142135623730951,0.9155422109152366,3.0,BraTS20_Training_039.nii.gz,0,0.912673232245373,1.804737854124365,nnUNetTrainerUMambaEncRTHD_StageAwareDecoder_SkipCalibration_150epochs
0.7750291845016399,2.0,0.8940697990806112,3.7416573867739413,0.9452328738008521,1.4142135623730951,BraTS20_Training_041.nii.gz,0,0.8714439524610345,2.3852903163823456,nnUNetTrainerUMambaEncRTHD_StageAwareDecoder_SkipCalibration_150epochs
0.8770654815978787,1.0,0.9614028091077905,1.0,0.959598788549842,1.0,BraTS20_Training_042.nii.gz,0,0.9326890264185037,1.0,nnUNetTrainerUMambaEncRTHD_StageAwareDecoder_SkipCalibration_150epochs
0.8756715272448197,1.7320508075688772,0.9559756742464305,1.0,0.9166172839506173,2.0,BraTS20_Training_049.nii.gz,0,0.9160881618139558,1.5773502691896257,nnUNetTrainerUMambaEncRTHD_StageAwareDecoder_SkipCalibration_150epochs
0.8830080229912586,1.0,0.9421655139518245,1.0,0.9410698315244979,1.4142135623730951,BraTS20_Training_051.nii.gz,0,0.922081122822527,1.1380711874576983,nnUNetTrainerUMambaEncRTHD_StageAwareDecoder_SkipCalibration_150epochs
0.8692806893166821,1.0,0.8632940320988937,4.123105625617661,0.9582320559884502,1.4142135623730951,BraTS20_Training_053.nii.gz,0,0.8969355924680087,2.179106395996919,nnUNetTrainerUMambaEncRTHD_StageAwareDecoder_SkipCalibration_150epochs
0.8808624456377483,1.4142135623730951,0.931158756337426,2.0,0.8741680761416748,4.69041575982343,BraTS20_Training_056.nii.gz,0,0.8953964260389496,2.701543107398842,nnUNetTrainerUMambaEncRTHD_StageAwareDecoder_SkipCalibration_150epochs
0.8545594232019385,1.0,0.9494578574526529,1.4142135623730951,0.7580741346395472,26.870057685088806,BraTS20_Training_069.nii.gz,0,0.8540304717647128,9.761423749153968,nnUNetTrainerUMambaEncRTHD_StageAwareDecoder_SkipCalibration_150epochs
0.6417418291145379,3.1622776601683795,0.8631737089201877,29.68164415931166,0.8757246376811594,5.830951894845301,BraTS20_Training_074.nii.gz,0,0.7935467252386283,12.89162457144178,nnUNetTrainerUMambaEncRTHD_StageAwareDecoder_SkipCalibration_150epochs
0.6785714285714286,109.10875570382524,0.2947976878612717,5.957737973711325,0.8038866481588183,7.483314773547883,BraTS20_Training_086.nii.gz,0,0.5924185881971729,40.84993615036148,nnUNetTrainerUMambaEncRTHD_StageAwareDecoder_SkipCalibration_150epochs
0.8658156028368794,1.4142135623730951,0.9304924903946908,1.4142135623730951,0.8289193562122116,9.1104335791443,BraTS20_Training_088.nii.gz,0,0.8750758164812606,3.979620234630163,nnUNetTrainerUMambaEncRTHD_StageAwareDecoder_SkipCalibration_150epochs
0.9622468028196484,1.0,0.9686147480741487,1.0,0.6679528574427461,16.822603841260722,BraTS20_Training_089.nii.gz,0,0.8662714694455144,6.2742012804202405,nnUNetTrainerUMambaEncRTHD_StageAwareDecoder_SkipCalibration_150epochs
0.9254253933687738,1.0,0.9622467136571169,1.0,0.9832489930806568,1.0,BraTS20_Training_098.nii.gz,0,0.9569737000355159,1.0,nnUNetTrainerUMambaEncRTHD_StageAwareDecoder_SkipCalibration_150epochs
0.9047377871909388,1.0,0.9739413053112976,1.0,0.9717373384510914,1.0,BraTS20_Training_100.nii.gz,0,0.9501388103177759,1.0,nnUNetTrainerUMambaEncRTHD_StageAwareDecoder_SkipCalibration_150epochs
0.8455986191746431,4.123105625617661,0.8768744380311512,5.0,0.9096342014150234,3.605551275463989,BraTS20_Training_101.nii.gz,0,0.8773690862069392,4.242885633693883,nnUNetTrainerUMambaEncRTHD_StageAwareDecoder_SkipCalibration_150epochs
0.9530882971934446,1.0,0.9728674702832204,1.4142135623730951,0.9694925300280669,1.0,BraTS20_Training_104.nii.gz,0,0.9651494325015773,1.1380711874576983,nnUNetTrainerUMambaEncRTHD_StageAwareDecoder_SkipCalibration_150epochs
0.9690307578480076,1.0,0.961260355312934,1.0,0.9532109169741433,1.4142135623730951,BraTS20_Training_107.nii.gz,0,0.9611673433783616,1.1380711874576983,nnUNetTrainerUMambaEncRTHD_StageAwareDecoder_SkipCalibration_150epochs
0.9319975024124425,1.0,0.9673898318205569,1.0,0.9590434772735015,1.0,BraTS20_Training_111.nii.gz,0,0.9528102705021669,1.0,nnUNetTrainerUMambaEncRTHD_StageAwareDecoder_SkipCalibration_150epochs
0.8890491645630484,1.0,0.8672634075434167,2.23606797749979,0.9651328089991811,7.681145747868608,BraTS20_Training_113.nii.gz,0,0.9071484603685487,3.6390712417894657,nnUNetTrainerUMambaEncRTHD_StageAwareDecoder_SkipCalibration_150epochs
0.9309024979854955,1.0,0.9731983665957324,1.0,0.9496885768285203,29.74306533795955,BraTS20_Training_114.nii.gz,0,0.9512631471365828,10.58102177931985,nnUNetTrainerUMambaEncRTHD_StageAwareDecoder_SkipCalibration_150epochs
0.9388930865130336,1.0,0.98239379306603,1.0,0.9750524084733788,1.0,BraTS20_Training_116.nii.gz,0,0.9654464293508142,1.0,nnUNetTrainerUMambaEncRTHD_StageAwareDecoder_SkipCalibration_150epochs
0.8994941183641129,1.0,0.8744597549194082,2.23606797749979,0.9319357751344561,2.0,BraTS20_Training_131.nii.gz,0,0.9019632161393257,1.74535599249993,nnUNetTrainerUMambaEncRTHD_StageAwareDecoder_SkipCalibration_150epochs
0.8864390292569775,1.4142135623730951,0.9464582862972347,2.0,0.9430695892765718,2.23606797749979,BraTS20_Training_137.nii.gz,0,0.9253223016102613,1.8834271799576283,nnUNetTrainerUMambaEncRTHD_StageAwareDecoder_SkipCalibration_150epochs
0.9123188677593989,1.0,0.8028805115391181,8.774964387392123,0.9396430877403168,3.0,BraTS20_Training_138.nii.gz,0,0.8849474890129446,4.258321462464041,nnUNetTrainerUMambaEncRTHD_StageAwareDecoder_SkipCalibration_150epochs
0.816521251084239,1.4142135623730951,0.9210652110221893,2.449489742783178,0.9326669090027868,2.23606797749979,BraTS20_Training_145.nii.gz,0,0.890084457036405,2.033257094218688,nnUNetTrainerUMambaEncRTHD_StageAwareDecoder_SkipCalibration_150epochs
0.962905131667792,1.0,0.962000480884828,1.4142135623730951,0.962447722363202,1.0,BraTS20_Training_150.nii.gz,0,0.9624511116386073,1.1380711874576983,nnUNetTrainerUMambaEncRTHD_StageAwareDecoder_SkipCalibration_150epochs
0.9427803654604084,1.0,0.9658321170614872,1.4142135623730951,0.9701832487835179,1.0,BraTS20_Training_155.nii.gz,0,0.9595985771018045,1.1380711874576983,nnUNetTrainerUMambaEncRTHD_StageAwareDecoder_SkipCalibration_150epochs
0.9420530300745076,1.0,0.9755418668538443,1.0,0.9516645108584655,1.4142135623730951,BraTS20_Training_162.nii.gz,0,0.9564198025956058,1.1380711874576983,nnUNetTrainerUMambaEncRTHD_StageAwareDecoder_SkipCalibration_150epochs
0.9286482187826753,1.4142135623730951,0.9534814661794895,1.0,0.9592679085428774,1.0,BraTS20_Training_165.nii.gz,0,0.9471325311683474,1.1380711874576983,nnUNetTrainerUMambaEncRTHD_StageAwareDecoder_SkipCalibration_150epochs
0.9367317063388614,1.4142135623730951,0.9539657304363187,1.4142135623730951,0.9761575799917623,1.0,BraTS20_Training_174.nii.gz,0,0.9556183389223142,1.2761423749153968,nnUNetTrainerUMambaEncRTHD_StageAwareDecoder_SkipCalibration_150epochs
0.9092068207842045,1.7320508075688772,0.9336512533450677,3.605551275463989,0.9601156533611758,1.4142135623730951,BraTS20_Training_175.nii.gz,0,0.9343245758301493,2.2506052151353204,nnUNetTrainerUMambaEncRTHD_StageAwareDecoder_SkipCalibration_150epochs
0.6811128945960406,2.23606797749979,0.8604282538759508,5.0,0.972210866568427,1.4142135623730951,BraTS20_Training_176.nii.gz,0,0.8379173383468062,2.8834271799576285,nnUNetTrainerUMambaEncRTHD_StageAwareDecoder_SkipCalibration_150epochs
0.9601939345965468,1.0,0.9646117058203416,1.4142135623730951,0.962546908879587,1.4142135623730951,BraTS20_Training_183.nii.gz,0,0.9624508497654918,1.2761423749153968,nnUNetTrainerUMambaEncRTHD_StageAwareDecoder_SkipCalibration_150epochs
0.8972720969003113,1.0,0.9460871319080274,1.4142135623730951,0.9473027858818145,2.0,BraTS20_Training_185.nii.gz,0,0.9302206715633844,1.4714045207910318,nnUNetTrainerUMambaEncRTHD_StageAwareDecoder_SkipCalibration_150epochs
0.9045762711864407,1.7320508075688772,0.9661430694120144,1.4142135623730951,0.9684246975566473,1.4142135623730951,BraTS20_Training_187.nii.gz,0,0.9463813460517008,1.520159310771689,nnUNetTrainerUMambaEncRTHD_StageAwareDecoder_SkipCalibration_150epochs
0.9335451278579241,1.0,0.9726627397674067,1.0,0.950578008569078,1.0,BraTS20_Training_192.nii.gz,0,0.9522619587314696,1.0,nnUNetTrainerUMambaEncRTHD_StageAwareDecoder_SkipCalibration_150epochs
0.9013954026981645,2.0,0.9384040327835123,2.449489742783178,0.9496958190205482,2.8284271247461903,BraTS20_Training_197.nii.gz,0,0.9298317515007417,2.425972289176456,nnUNetTrainerUMambaEncRTHD_StageAwareDecoder_SkipCalibration_150epochs
0.9061738424045491,1.0,0.9315372659314632,5.196152422706632,0.9231977065775309,6.708203932499369,BraTS20_Training_203.nii.gz,0,0.9203029383045144,4.3014521184020005,nnUNetTrainerUMambaEncRTHD_StageAwareDecoder_SkipCalibration_150epochs
0.9238426481170544,1.0,0.9494960682246096,1.0,0.8165126605064202,3.1622776601683795,BraTS20_Training_204.nii.gz,0,0.8966171256160281,1.7207592200561266,nnUNetTrainerUMambaEncRTHD_StageAwareDecoder_SkipCalibration_150epochs
0.887339723639985,1.0,0.9189007291082445,1.0,0.9490187479443043,1.0,BraTS20_Training_205.nii.gz,0,0.9184197335641779,1.0,nnUNetTrainerUMambaEncRTHD_StageAwareDecoder_SkipCalibration_150epochs
0.8654305859665334,3.605551275463989,0.86726552274398,3.3166247903554,0.9182026717042234,4.47213595499958,BraTS20_Training_207.nii.gz,0,0.8836329268049123,3.7981040069396563,nnUNetTrainerUMambaEncRTHD_StageAwareDecoder_SkipCalibration_150epochs
0.8855450735048653,1.4142135623730951,0.9274570411496711,3.0,0.9556310156947887,2.0,BraTS20_Training_208.nii.gz,0,0.9228777101164417,2.1380711874576983,nnUNetTrainerUMambaEncRTHD_StageAwareDecoder_SkipCalibration_150epochs
0.920170339991542,1.4142135623730951,0.9415822050872727,2.8284271247461903,0.9341107093778768,2.449489742783178,BraTS20_Training_210.nii.gz,0,0.9319544181522305,2.230710143300821,nnUNetTrainerUMambaEncRTHD_StageAwareDecoder_SkipCalibration_150epochs
0.7621460053700796,2.23606797749979,0.8878008101024542,2.8284271247461903,0.9528066795118818,7.0,BraTS20_Training_216.nii.gz,0,0.8675844983281386,4.021498367415327,nnUNetTrainerUMambaEncRTHD_StageAwareDecoder_SkipCalibration_150epochs
0.8576410256410256,1.4142135623730951,0.8967130579240901,4.69041575982343,0.8853693150804568,5.0,BraTS20_Training_220.nii.gz,0,0.8799077995485242,3.701543107398842,nnUNetTrainerUMambaEncRTHD_StageAwareDecoder_SkipCalibration_150epochs
0.9535571346892101,1.0,0.9560387754500722,1.4142135623730951,0.9678719259800341,1.4142135623730951,BraTS20_Training_223.nii.gz,0,0.9591559453731054,1.2761423749153968,nnUNetTrainerUMambaEncRTHD_StageAwareDecoder_SkipCalibration_150epochs
0.9171528796935963,1.0,0.961394388808195,1.4142135623730951,0.969411386728424,1.0,BraTS20_Training_224.nii.gz,0,0.9493195517434051,1.1380711874576983,nnUNetTrainerUMambaEncRTHD_StageAwareDecoder_SkipCalibration_150epochs
0.9222735790131168,1.4142135623730951,0.9527239696656035,1.4142135623730951,0.951791631009589,1.7320508075688772,BraTS20_Training_226.nii.gz,0,0.942263059896103,1.520159310771689,nnUNetTrainerUMambaEncRTHD_StageAwareDecoder_SkipCalibration_150epochs
0.9824502757813806,1.0,0.972053698205757,1.0,0.9767752033685324,1.0,BraTS20_Training_230.nii.gz,0,0.9770930591185567,1.0,nnUNetTrainerUMambaEncRTHD_StageAwareDecoder_SkipCalibration_150epochs
0.5912471047177862,5.0,0.8556892038937741,5.0,0.893197836420259,3.4641016151377544,BraTS20_Training_240.nii.gz,0,0.7800447150106065,4.4880338717125845,nnUNetTrainerUMambaEncRTHD_StageAwareDecoder_SkipCalibration_150epochs
0.8449857232661532,3.0,0.9013228858003645,3.7416573867739413,0.927256064192419,5.0,BraTS20_Training_245.nii.gz,0,0.8911882244196455,3.9138857955913138,nnUNetTrainerUMambaEncRTHD_StageAwareDecoder_SkipCalibration_150epochs
0.9489950040664575,1.0,0.954137780578853,1.0,0.9682943308150606,1.0,BraTS20_Training_251.nii.gz,0,0.9571423718201237,1.0,nnUNetTrainerUMambaEncRTHD_StageAwareDecoder_SkipCalibration_150epochs
0.8647446588833294,1.4142135623730951,0.32843417800129077,22.54993638361657,0.9701173556148048,1.4142135623730951,BraTS20_Training_259.nii.gz,0,0.7210987308331417,8.459454502787587,nnUNetTrainerUMambaEncRTHD_StageAwareDecoder_SkipCalibration_150epochs
0.6075607560756076,19.6468827043885,0.9235432557557097,4.0,0.9431310451541054,4.123105625617661,BraTS20_Training_284.nii.gz,0,0.8247450189951409,9.256662776668719,nnUNetTrainerUMambaEncRTHD_StageAwareDecoder_SkipCalibration_150epochs
0.8958570657713292,3.0,0.9331253391209984,1.7320508075688772,0.9729507868497977,1.0,BraTS20_Training_287.nii.gz,0,0.9339777305807084,1.910683602522959,nnUNetTrainerUMambaEncRTHD_StageAwareDecoder_SkipCalibration_150epochs
,,0.6791240563259624,8.246211251235321,0.7862211637920666,11.874342087037917,BraTS20_Training_297.nii.gz,0,0.7326726100590145,10.06027666913662,nnUNetTrainerUMambaEncRTHD_StageAwareDecoder_SkipCalibration_150epochs
0.694198939418287,4.0,0.8738110891957046,4.358898943540674,0.8799365183816058,4.58257569495584,BraTS20_Training_302.nii.gz,0,0.8159821823318658,4.313824879498838,nnUNetTrainerUMambaEncRTHD_StageAwareDecoder_SkipCalibration_150epochs
0.0,,0.868810670237145,3.7416573867739413,0.9484495312536348,2.23606797749979,BraTS20_Training_305.nii.gz,0,0.6057534004969266,2.9888626821368653,nnUNetTrainerUMambaEncRTHD_StageAwareDecoder_SkipCalibration_150epochs
0.0,,0.7467852421583944,8.246211251235321,0.9052606623032438,2.8284271247461903,BraTS20_Training_329.nii.gz,0,0.5506819681538794,5.5373191879907555,nnUNetTrainerUMambaEncRTHD_StageAwareDecoder_SkipCalibration_150epochs
0.8200903534414031,1.4142135623730951,0.46452320559402205,12.68857754044952,0.8895759796255752,2.8284271247461903,BraTS20_Training_331.nii.gz,0,0.7247298462203334,5.643739409189602,nnUNetTrainerUMambaEncRTHD_StageAwareDecoder_SkipCalibration_150epochs
0.9039169796259003,1.0,0.9624843833660539,1.7320508075688772,0.9304475796413186,3.0,BraTS20_Training_342.nii.gz,0,0.9322829808777576,1.910683602522959,nnUNetTrainerUMambaEncRTHD_StageAwareDecoder_SkipCalibration_150epochs
0.9228918298151592,1.0,0.9674949630624581,1.0,0.973059355800067,1.0,BraTS20_Training_353.nii.gz,0,0.9544820495592281,1.0,nnUNetTrainerUMambaEncRTHD_StageAwareDecoder_SkipCalibration_150epochs
0.943601536200275,1.0,0.9721738212154812,1.4142135623730951,0.9333884424622246,2.23606797749979,BraTS20_Training_360.nii.gz,0,0.9497212666259937,1.550093846624295,nnUNetTrainerUMambaEncRTHD_StageAwareDecoder_SkipCalibration_150epochs
0.9388033763654419,1.0,0.9515120340038444,1.4142135623730951,0.9648623319928349,1.0,BraTS20_Training_368.nii.gz,0,0.9517259141207071,1.1380711874576983,nnUNetTrainerUMambaEncRTHD_StageAwareDecoder_SkipCalibration_150epochs
0.9028803194017554,1.0,0.926921860170832,2.23606797749979,0.9577375063343067,1.4142135623730951,BraTS20_Training_004.nii.gz,1,0.929179895302298,1.550093846624295,nnUNetTrainerUMambaEncRTHD_StageAwareDecoder_SkipCalibration_150epochs
0.8534680753330272,1.0,0.9388174442909272,1.0,0.8646810213319329,3.0,BraTS20_Training_005.nii.gz,1,0.8856555136519624,1.6666666666666667,nnUNetTrainerUMambaEncRTHD_StageAwareDecoder_SkipCalibration_150epochs
0.7017723869202487,3.1622776601683795,0.8905894179677082,4.242640687119285,0.9219586902977817,3.0,BraTS20_Training_009.nii.gz,1,0.8381068317285795,3.4683061157625548,nnUNetTrainerUMambaEncRTHD_StageAwareDecoder_SkipCalibration_150epochs
0.8846132581412064,1.0,0.7946293367432783,6.708203932499369,0.9505264756909744,2.0,BraTS20_Training_015.nii.gz,1,0.8765896901918196,3.23606797749979,nnUNetTrainerUMambaEncRTHD_StageAwareDecoder_SkipCalibration_150epochs
0.843605359317905,1.0,0.8740029695107213,3.0,0.9349763951095509,2.0,BraTS20_Training_017.nii.gz,1,0.8841949079793924,2.0,nnUNetTrainerUMambaEncRTHD_StageAwareDecoder_SkipCalibration_150epochs
0.8778981674719117,1.0,0.9378833960513429,1.4142135623730951,0.9514085644240227,1.4142135623730951,BraTS20_Training_022.nii.gz,1,0.9223967093157591,1.2761423749153968,nnUNetTrainerUMambaEncRTHD_StageAwareDecoder_SkipCalibration_150epochs
0.8848381681915976,1.0,0.9254830752363985,1.7320508075688772,0.9073901797059357,3.0,BraTS20_Training_031.nii.gz,1,0.9059038077113106,1.910683602522959,nnUNetTrainerUMambaEncRTHD_StageAwareDecoder_SkipCalibration_150epochs
0.8346750878441489,1.4142135623730951,0.9448635569910636,2.0,0.9490971475726679,1.4142135623730951,BraTS20_Training_034.nii.gz,1,0.9095452641359602,1.60947570824873,nnUNetTrainerUMambaEncRTHD_StageAwareDecoder_SkipCalibration_150epochs
0.6335747763101832,3.1622776601683795,0.8394244604316546,2.8284271247461903,0.8406335549472037,5.385164807134504,BraTS20_Training_043.nii.gz,1,0.7712109305630138,3.7919565306830245,nnUNetTrainerUMambaEncRTHD_StageAwareDecoder_SkipCalibration_150epochs
0.8218095614381667,1.4142135623730951,0.8680167597765364,1.4142135623730951,0.5990327584633635,17.204650534085253,BraTS20_Training_046.nii.gz,1,0.7629530265593555,6.677692552943815,nnUNetTrainerUMambaEncRTHD_StageAwareDecoder_SkipCalibration_150epochs
0.877825717063685,1.0,0.9465174631092321,1.7320508075688772,0.8820148790817857,14.247806848775006,BraTS20_Training_047.nii.gz,1,0.9021193530849009,5.659952552114628,nnUNetTrainerUMambaEncRTHD_StageAwareDecoder_SkipCalibration_150epochs
0.7662595853450724,1.4142135623730951,0.9049121225777377,1.4142135623730951,0.6715475550779151,15.033296378372908,BraTS20_Training_048.nii.gz,1,0.7809064210002418,5.953907834373033,nnUNetTrainerUMambaEncRTHD_StageAwareDecoder_SkipCalibration_150epochs
0.9103957075788062,1.0,0.9513918629550321,1.0,0.9309359880305454,1.4142135623730951,BraTS20_Training_054.nii.gz,1,0.9309078528547946,1.1380711874576983,nnUNetTrainerUMambaEncRTHD_StageAwareDecoder_SkipCalibration_150epochs
0.8851549581266336,1.0,0.9525894960353007,1.0,0.9448212969556147,2.23606797749979,BraTS20_Training_055.nii.gz,1,0.927521917039183,1.4120226591665965,nnUNetTrainerUMambaEncRTHD_StageAwareDecoder_SkipCalibration_150epochs
0.684036523929471,3.605551275463989,0.7686080172709877,4.123105625617661,0.7827873358680115,8.602325267042627,BraTS20_Training_058.nii.gz,1,0.7451439590228234,5.443660722708092,nnUNetTrainerUMambaEncRTHD_StageAwareDecoder_SkipCalibration_150epochs
0.8548443026562175,1.0,0.9090206145709293,3.0,0.9396518745218057,1.7320508075688772,BraTS20_Training_068.nii.gz,1,0.9011722639163174,1.910683602522959,nnUNetTrainerUMambaEncRTHD_StageAwareDecoder_SkipCalibration_150epochs
0.8966943847007411,1.4142135623730951,0.9439252336448598,2.23606797749979,0.7685666223663788,7.0710678118654755,BraTS20_Training_072.nii.gz,1,0.8697287469039933,3.57378311724612,nnUNetTrainerUMambaEncRTHD_StageAwareDecoder_SkipCalibration_150epochs
0.8334264432029795,1.0,0.8830955150208505,2.23606797749979,0.9156314576850906,2.0,BraTS20_Training_076.nii.gz,1,0.8773844719696402,1.74535599249993,nnUNetTrainerUMambaEncRTHD_StageAwareDecoder_SkipCalibration_150epochs
0.9107835531419706,1.0,0.9687408605295301,1.0,0.9080913699426708,5.385164807134504,BraTS20_Training_091.nii.gz,1,0.9292052612047238,2.461721602378168,nnUNetTrainerUMambaEncRTHD_StageAwareDecoder_SkipCalibration_150epochs
0.8763979241283532,1.0,0.954187939837174,1.0,0.9362254356692622,1.4142135623730951,BraTS20_Training_102.nii.gz,1,0.9222704332115964,1.1380711874576983,nnUNetTrainerUMambaEncRTHD_StageAwareDecoder_SkipCalibration_150epochs
0.9655343592653003,1.0,0.9812148566529666,1.0,0.9683812006044027,1.0,BraTS20_Training_115.nii.gz,1,0.9717101388408899,1.0,nnUNetTrainerUMambaEncRTHD_StageAwareDecoder_SkipCalibration_150epochs
0.9584343804635949,1.0,0.9831397188446414,1.0,0.982516798896881,1.0,BraTS20_Training_121.nii.gz,1,0.9746969660683724,1.0,nnUNetTrainerUMambaEncRTHD_StageAwareDecoder_SkipCalibration_150epochs
0.8117439173576186,1.4142135623730951,0.8022755227552275,3.0,0.8992400809561997,3.605551275463989,BraTS20_Training_129.nii.gz,1,0.8377531736896819,2.6732549459456947,nnUNetTrainerUMambaEncRTHD_StageAwareDecoder_SkipCalibration_150epochs
0.8518875252446791,1.4142135623730951,0.5734461955759248,23.03909556817318,0.9348831733934434,3.0,BraTS20_Training_133.nii.gz,1,0.7867389647380157,9.151103043515425,nnUNetTrainerUMambaEncRTHD_StageAwareDecoder_SkipCalibration_150epochs
0.8661759785881565,2.23606797749979,0.79600309692438,9.16515138991168,0.9354134235253273,2.8284271247461903,BraTS20_Training_135.nii.gz,1,0.8658641663459546,4.743215497385886,nnUNetTrainerUMambaEncRTHD_StageAwareDecoder_SkipCalibration_150epochs
0.8465651796897582,9.219544457292887,0.8895338291311445,10.723805294763608,0.8851680537640593,6.0,BraTS20_Training_136.nii.gz,1,0.8737556875283207,8.647783250685498,nnUNetTrainerUMambaEncRTHD_StageAwareDecoder_SkipCalibration_150epochs
0.9423177219150933,1.7320508075688772,0.9464112981234282,1.0,0.9293453724604966,1.4142135623730951,BraTS20_Training_142.nii.gz,1,0.939358130833006,1.3820881233139908,nnUNetTrainerUMambaEncRTHD_StageAwareDecoder_SkipCalibration_150epochs
0.8749933470700496,1.4142135623730951,0.8907776108189331,4.123105625617661,0.9272543685072957,3.1622776601683795,BraTS20_Training_149.nii.gz,1,0.8976751087987594,2.899865616053045,nnUNetTrainerUMambaEncRTHD_StageAwareDecoder_SkipCalibration_150epochs
0.9685819634352435,1.0,0.9557854460426557,1.0,0.9622405582392356,1.4142135623730951,BraTS20_Training_153.nii.gz,1,0.9622026559057116,1.1380711874576983,nnUNetTrainerUMambaEncRTHD_StageAwareDecoder_SkipCalibration_150epochs
0.7392226148409894,2.0,0.6597974773494404,6.082762530298219,0.8490061107374386,5.385164807134504,BraTS20_Training_158.nii.gz,1,0.7493420676426228,4.489309112477574,nnUNetTrainerUMambaEncRTHD_StageAwareDecoder_SkipCalibration_150epochs
0.6878370281605752,3.1622776601683795,0.8461886597271611,2.23606797749979,0.8722023929782028,13.74772708486752,BraTS20_Training_159.nii.gz,1,0.802076026955313,6.3820242408452295,nnUNetTrainerUMambaEncRTHD_StageAwareDecoder_SkipCalibration_150epochs
0.9002417908119491,1.0,0.932144578313253,2.0,0.9532616133201551,1.4142135623730951,BraTS20_Training_161.nii.gz,1,0.9285493274817858,1.4714045207910318,nnUNetTrainerUMambaEncRTHD_StageAwareDecoder_SkipCalibration_150epochs
0.9418715141499691,1.0,0.974020411956267,1.0,0.960834268544329,1.4142135623730951,BraTS20_Training_166.nii.gz,1,0.9589087315501883,1.1380711874576983,nnUNetTrainerUMambaEncRTHD_StageAwareDecoder_SkipCalibration_150epochs
0.9447701910346132,1.0,0.9652451263438643,1.0,0.9502837923060753,2.449489742783178,BraTS20_Training_169.nii.gz,1,0.9534330365615176,1.4831632475943926,nnUNetTrainerUMambaEncRTHD_StageAwareDecoder_SkipCalibration_150epochs
0.9424708604730888,1.0,0.9698834872102818,1.0,0.9713662713396798,1.0,BraTS20_Training_178.nii.gz,1,0.9612402063410168,1.0,nnUNetTrainerUMambaEncRTHD_StageAwareDecoder_SkipCalibration_150epochs
0.9541141874271764,1.0,0.965531758143451,1.0,0.9401066573921109,1.0,BraTS20_Training_181.nii.gz,1,0.953250867654246,1.0,nnUNetTrainerUMambaEncRTHD_StageAwareDecoder_SkipCalibration_150epochs
0.9210619072929197,2.0,0.9380113877545047,2.8284271247461903,0.9489444282633382,2.8284271247461903,BraTS20_Training_191.nii.gz,1,0.9360059077702542,2.5522847498307937,nnUNetTrainerUMambaEncRTHD_StageAwareDecoder_SkipCalibration_150epochs
0.876088850174216,1.4142135623730951,0.9081022294725394,3.3166247903554,0.959349593495935,1.4142135623730951,BraTS20_Training_198.nii.gz,1,0.9145135577142302,2.0483506383671966,nnUNetTrainerUMambaEncRTHD_StageAwareDecoder_SkipCalibration_150epochs
0.9193960511033682,2.0,0.9476786361987668,1.4142135623730951,0.9731165457314342,1.0,BraTS20_Training_214.nii.gz,1,0.9467304110111897,1.4714045207910318,nnUNetTrainerUMambaEncRTHD_StageAwareDecoder_SkipCalibration_150epochs
0.9547693386539329,1.0,0.9648527349228612,1.0,0.96623626593953,1.0,BraTS20_Training_229.nii.gz,1,0.9619527798387747,1.0,nnUNetTrainerUMambaEncRTHD_StageAwareDecoder_SkipCalibration_150epochs
0.48850519461375275,7.0,0.9691740066966666,1.4142135623730951,0.8959460430867705,8.54400374531753,BraTS20_Training_238.nii.gz,1,0.7845417481323966,5.652739102563542,nnUNetTrainerUMambaEncRTHD_StageAwareDecoder_SkipCalibration_150epochs
0.8842606010333697,1.4142135623730951,0.946926523995271,1.7320508075688772,0.9623705027854634,2.0,BraTS20_Training_241.nii.gz,1,0.9311858759380347,1.715421456647324,nnUNetTrainerUMambaEncRTHD_StageAwareDecoder_SkipCalibration_150epochs
0.9479834712193924,1.0,0.9626883070975699,1.7320508075688772,0.9763414957924967,1.0,BraTS20_Training_254.nii.gz,1,0.9623377580364864,1.2440169358562925,nnUNetTrainerUMambaEncRTHD_StageAwareDecoder_SkipCalibration_150epochs
0.9129424435586305,1.7320508075688772,0.9595011294231923,1.4142135623730951,0.9639762368731232,1.4142135623730951,BraTS20_Training_255.nii.gz,1,0.9454732699516487,1.520159310771689,nnUNetTrainerUMambaEncRTHD_StageAwareDecoder_SkipCalibration_150epochs
0.876899990944724,2.449489742783178,0.9313852979423238,3.3166247903554,0.9489716560982643,2.8284271247461903,BraTS20_Training_256.nii.gz,1,0.9190856483284374,2.864847219294923,nnUNetTrainerUMambaEncRTHD_StageAwareDecoder_SkipCalibration_150epochs
0.510366607167376,18.411952639521967,0.7572736500899858,9.1104335791443,0.9521915853673159,2.8284271247461903,BraTS20_Training_261.nii.gz,1,0.7399439475415592,10.116937781137485,nnUNetTrainerUMambaEncRTHD_StageAwareDecoder_SkipCalibration_150epochs
0.8143459915611815,1.7320508075688772,0.6651462741289569,10.344080432788601,0.8944850039463299,3.3166247903554,BraTS20_Training_267.nii.gz,1,0.7913257565454894,5.130918676904293,nnUNetTrainerUMambaEncRTHD_StageAwareDecoder_SkipCalibration_150epochs
0.0,,0.823167192429022,4.123105625617661,0.8949625147967908,3.0,BraTS20_Training_269.nii.gz,1,0.5727099024086043,3.5615528128088303,nnUNetTrainerUMambaEncRTHD_StageAwareDecoder_SkipCalibration_150epochs
,,0.8771243493813681,4.898979485566356,0.9655501746627426,1.4142135623730951,BraTS20_Training_272.nii.gz,1,0.9213372620220553,3.1565965239697253,nnUNetTrainerUMambaEncRTHD_StageAwareDecoder_SkipCalibration_150epochs
0.923501033769814,1.0,0.7033347769597228,3.4641016151377544,0.7559806755786656,14.491376746189438,BraTS20_Training_277.nii.gz,1,0.7942721621027341,6.318492787109064,nnUNetTrainerUMambaEncRTHD_StageAwareDecoder_SkipCalibration_150epochs
0.0,,0.5592312337003301,18.466185312619388,0.9269872467781922,2.23606797749979,BraTS20_Training_281.nii.gz,1,0.49540616015950745,10.351126645059589,nnUNetTrainerUMambaEncRTHD_StageAwareDecoder_SkipCalibration_150epochs
0.8081303824428188,3.4641016151377544,0.7688263366496805,4.898979485566356,0.9575335762057529,1.4142135623730951,BraTS20_Training_283.nii.gz,1,0.8448300984327507,3.2590982210257353,nnUNetTrainerUMambaEncRTHD_StageAwareDecoder_SkipCalibration_150epochs
0.8350190320826536,20.451114559296272,0.9091206811855248,2.23606797749979,0.8976099058623718,5.196152422706632,BraTS20_Training_290.nii.gz,1,0.8805832063768501,9.294444986500897,nnUNetTrainerUMambaEncRTHD_StageAwareDecoder_SkipCalibration_150epochs
0.0,,0.7218492289769766,7.874007874011811,0.9395885553232532,2.23606797749979,BraTS20_Training_294.nii.gz,1,0.5538125947667433,5.0550379257558005,nnUNetTrainerUMambaEncRTHD_StageAwareDecoder_SkipCalibration_150epochs
0.22882186130445992,18.407876190221167,0.8844799180304009,4.242640687119285,0.970779084102595,1.4142135623730951,BraTS20_Training_296.nii.gz,1,0.6946936211458186,8.021576813237848,nnUNetTrainerUMambaEncRTHD_StageAwareDecoder_SkipCalibration_150epochs
0.0,,0.8673717590674042,3.4641016151377544,0.8948110337868919,3.0,BraTS20_Training_304.nii.gz,1,0.5873942642847654,3.232050807568877,nnUNetTrainerUMambaEncRTHD_StageAwareDecoder_SkipCalibration_150epochs
0.7502023636069289,4.898979485566356,0.8016912037922215,9.1104335791443,0.9448372482122249,5.0,BraTS20_Training_308.nii.gz,1,0.8322436052037918,6.336471021570218,nnUNetTrainerUMambaEncRTHD_StageAwareDecoder_SkipCalibration_150epochs
0.6751281425433244,14.974916106437835,0.8086064107855275,6.4031242374328485,0.9179992659780842,3.4641016151377544,BraTS20_Training_309.nii.gz,1,0.8005779397689787,8.280713986336146,nnUNetTrainerUMambaEncRTHD_StageAwareDecoder_SkipCalibration_150epochs
0.859086491739553,1.0,0.2247685185185185,18.12732239884015,0.8364661654135338,6.4031242374328485,BraTS20_Training_311.nii.gz,1,0.6401070585572017,8.510148878757667,nnUNetTrainerUMambaEncRTHD_StageAwareDecoder_SkipCalibration_150epochs
0.7022411953041622,26.131000538773204,0.9042918282810343,4.58257569495584,0.9502545059729851,3.0,BraTS20_Training_313.nii.gz,1,0.8522625098527272,11.237858744576348,nnUNetTrainerUMambaEncRTHD_StageAwareDecoder_SkipCalibration_150epochs
0.0,,0.9301090367403754,3.7416573867739413,0.9650628662919376,1.4142135623730951,BraTS20_Training_319.nii.gz,1,0.6317239676774377,2.5779354745735183,nnUNetTrainerUMambaEncRTHD_StageAwareDecoder_SkipCalibration_150epochs
0.20767905987235336,11.789826122551595,0.7760484487712118,15.674813751700151,0.9715022731027719,1.4142135623730951,BraTS20_Training_333.nii.gz,1,0.6517432605821124,9.626284478874947,nnUNetTrainerUMambaEncRTHD_StageAwareDecoder_SkipCalibration_150epochs
0.9405815821807757,1.0,0.9796479162993005,1.0,0.9822637128212873,1.0,BraTS20_Training_336.nii.gz,1,0.9674977371004545,1.0,nnUNetTrainerUMambaEncRTHD_StageAwareDecoder_SkipCalibration_150epochs
0.9491897348123279,1.0,0.9735960497277043,1.0,0.9608504651429884,1.4142135623730951,BraTS20_Training_338.nii.gz,1,0.9612120832276736,1.1380711874576983,nnUNetTrainerUMambaEncRTHD_StageAwareDecoder_SkipCalibration_150epochs
0.9392078397189535,1.0,0.9744071998694325,1.0,0.9480113881459753,2.0,BraTS20_Training_339.nii.gz,1,0.9538754759114537,1.3333333333333333,nnUNetTrainerUMambaEncRTHD_StageAwareDecoder_SkipCalibration_150epochs
0.9570821785263296,1.0,0.9701484706993337,1.0,0.9729225378932135,1.0,BraTS20_Training_340.nii.gz,1,0.9667177290396256,1.0,nnUNetTrainerUMambaEncRTHD_StageAwareDecoder_SkipCalibration_150epochs
0.9334708612686952,1.0,0.9625453080950463,1.0,0.8794684769264101,2.8284271247461903,BraTS20_Training_341.nii.gz,1,0.9251615487633839,1.60947570824873,nnUNetTrainerUMambaEncRTHD_StageAwareDecoder_SkipCalibration_150epochs
0.9184484957611224,1.0,0.9521457188881087,1.7320508075688772,0.941143720928727,3.1622776601683795,BraTS20_Training_343.nii.gz,1,0.937245978525986,1.9647761559124188,nnUNetTrainerUMambaEncRTHD_StageAwareDecoder_SkipCalibration_150epochs
0.9035268778605402,5.0990195135927845,0.4542711906434682,16.35083445525005,0.8314900472685084,12.36931687685298,BraTS20_Training_345.nii.gz,1,0.7297627052575056,11.273056948565273,nnUNetTrainerUMambaEncRTHD_StageAwareDecoder_SkipCalibration_150epochs
0.8903694730466384,1.4142135623730951,0.9479606188466948,1.0,0.9506550218340611,3.7416573867739413,BraTS20_Training_352.nii.gz,1,0.9296617045757981,2.051956983049012,nnUNetTrainerUMambaEncRTHD_StageAwareDecoder_SkipCalibration_150epochs
0.9544332173165573,1.0,0.9790915803002543,1.0,0.974221015157632,1.0,BraTS20_Training_355.nii.gz,1,0.9692486042581479,1.0,nnUNetTrainerUMambaEncRTHD_StageAwareDecoder_SkipCalibration_150epochs
0.8654435327675458,2.0,0.9268569194683346,2.0,0.9273824352524387,2.23606797749979,BraTS20_Training_357.nii.gz,1,0.9065609624961064,2.0786893258332633,nnUNetTrainerUMambaEncRTHD_StageAwareDecoder_SkipCalibration_150epochs
0.9488648350400026,1.0,0.9802389345867607,1.0,0.9792865836091791,1.0,BraTS20_Training_359.nii.gz,1,0.9694634510786475,1.0,nnUNetTrainerUMambaEncRTHD_StageAwareDecoder_SkipCalibration_150epochs
0.9563071143913217,1.0,0.971681747855033,1.0,0.9686492197262438,1.0,BraTS20_Training_369.nii.gz,1,0.9655460273241995,1.0,nnUNetTrainerUMambaEncRTHD_StageAwareDecoder_SkipCalibration_150epochs
0.8623937514357914,1.0,0.9522954524347583,1.0,0.8984335306030442,4.123105625617661,BraTS20_Training_002.nii.gz,2,0.9043742448245313,2.04103520853922,nnUNetTrainerUMambaEncRTHD_StageAwareDecoder_SkipCalibration_150epochs
0.8622064687638458,2.449489742783178,0.8586080586080586,2.23606797749979,0.8378259796528368,6.782329983125268,BraTS20_Training_008.nii.gz,2,0.852880169008247,3.822629234469412,nnUNetTrainerUMambaEncRTHD_StageAwareDecoder_SkipCalibration_150epochs
0.8827563414029579,2.0,0.9130983302411874,1.4142135623730951,0.8454932301740813,3.605551275463989,BraTS20_Training_010.nii.gz,2,0.8804493006060755,2.339921612612361,nnUNetTrainerUMambaEncRTHD_StageAwareDecoder_SkipCalibration_150epochs
0.6187040080017147,3.3166247903554,0.8221490554982003,4.69041575982343,0.8995263175576053,4.0,BraTS20_Training_016.nii.gz,2,0.7801264603525068,4.0023468500596096,nnUNetTrainerUMambaEncRTHD_StageAwareDecoder_SkipCalibration_150epochs
0.7974457215836526,10.246950765959598,0.8279546911733277,11.180339887498949,0.7988449725037244,3.7416573867739413,BraTS20_Training_018.nii.gz,2,0.8080817950869016,8.389649346744163,nnUNetTrainerUMambaEncRTHD_StageAwareDecoder_SkipCalibration_150epochs
0.7202166778695979,3.605551275463989,0.8404432357835775,3.7416573867739413,0.9394394784595739,2.8284271247461903,BraTS20_Training_026.nii.gz,2,0.8333664640375831,3.3918785956613737,nnUNetTrainerUMambaEncRTHD_StageAwareDecoder_SkipCalibration_150epochs
0.8459608303190276,1.0,0.9315568969283006,2.23606797749979,0.7356069549986974,10.356136535944767,BraTS20_Training_027.nii.gz,2,0.8377082274153419,4.530734837814852,nnUNetTrainerUMambaEncRTHD_StageAwareDecoder_SkipCalibration_150epochs
0.8610837078446417,1.0,0.9050252280719637,3.0,0.9238635177906855,2.23606797749979,BraTS20_Training_038.nii.gz,2,0.896657484569097,2.0786893258332633,nnUNetTrainerUMambaEncRTHD_StageAwareDecoder_SkipCalibration_150epochs
0.8902968525799899,1.0,0.9564316230277907,1.4142135623730951,0.9401204347980702,1.4142135623730951,BraTS20_Training_040.nii.gz,2,0.9289496368019503,1.2761423749153968,nnUNetTrainerUMambaEncRTHD_StageAwareDecoder_SkipCalibration_150epochs
0.9063497356261611,1.0,0.9609415685866055,1.4142135623730951,0.9470918207619311,1.4142135623730951,BraTS20_Training_045.nii.gz,2,0.9381277083248992,1.2761423749153968,nnUNetTrainerUMambaEncRTHD_StageAwareDecoder_SkipCalibration_150epochs
0.8665853104779203,1.0,0.9672820271620907,1.0,0.9447679402219213,1.4142135623730951,BraTS20_Training_050.nii.gz,2,0.9262117592873108,1.1380711874576983,nnUNetTrainerUMambaEncRTHD_StageAwareDecoder_SkipCalibration_150epochs
0.8816715623787619,1.0,0.9182713929432929,1.4142135623730951,0.9249393842353264,2.23606797749979,BraTS20_Training_057.nii.gz,2,0.9082941131857937,1.550093846624295,nnUNetTrainerUMambaEncRTHD_StageAwareDecoder_SkipCalibration_150epochs
0.813930488838655,1.0,0.9328917818126451,1.4142135623730951,0.9033619103191346,4.242640687119285,BraTS20_Training_061.nii.gz,2,0.8833947269901449,2.21895141649746,nnUNetTrainerUMambaEncRTHD_StageAwareDecoder_SkipCalibration_150epochs
0.9005429783698781,1.4142135623730951,0.9599361252994126,1.0,0.9531393807035332,1.4142135623730951,BraTS20_Training_067.nii.gz,2,0.9378728281242746,1.2761423749153968,nnUNetTrainerUMambaEncRTHD_StageAwareDecoder_SkipCalibration_150epochs
0.8349023709902371,2.449489742783178,0.7765707666781454,11.445523142259598,0.9166178095126422,7.874007874011811,BraTS20_Training_071.nii.gz,2,0.8426969823936749,7.2563402530181955,nnUNetTrainerUMambaEncRTHD_StageAwareDecoder_SkipCalibration_150epochs
0.9326169294459614,1.0,0.9725050438699385,1.0,0.9383119832833652,1.4142135623730951,BraTS20_Training_090.nii.gz,2,0.9478113188664217,1.1380711874576983,nnUNetTrainerUMambaEncRTHD_StageAwareDecoder_SkipCalibration_150epochs
0.9483769790972953,1.0,0.9650571479961411,1.4142135623730951,0.9734098581345282,1.0,BraTS20_Training_093.nii.gz,2,0.9622813284093216,1.1380711874576983,nnUNetTrainerUMambaEncRTHD_StageAwareDecoder_SkipCalibration_150epochs
0.9067753438614365,1.0,0.934043424825891,1.0,0.9229879796690194,1.4142135623730951,BraTS20_Training_094.nii.gz,2,0.9212689161187823,1.1380711874576983,nnUNetTrainerUMambaEncRTHD_StageAwareDecoder_SkipCalibration_150epochs
0.9063900340562825,1.0,0.9487692135442491,1.4142135623730951,0.9740389377833657,1.0,BraTS20_Training_096.nii.gz,2,0.9430660617946325,1.1380711874576983,nnUNetTrainerUMambaEncRTHD_StageAwareDecoder_SkipCalibration_150epochs
0.941665959072769,1.0,0.9687360713148678,1.0,0.9055965757089353,2.449489742783178,BraTS20_Training_105.nii.gz,2,0.9386662020321906,1.4831632475943926,nnUNetTrainerUMambaEncRTHD_StageAwareDecoder_SkipCalibration_150epochs
0.9485555756588867,1.0,0.9648651243160219,1.0,0.9600635063751384,1.0,BraTS20_Training_118.nii.gz,2,0.957828068783349,1.0,nnUNetTrainerUMambaEncRTHD_StageAwareDecoder_SkipCalibration_150epochs
0.8889612857685834,1.4142135623730951,0.9274841517885387,7.3484692283495345,0.9587877790615733,5.0990195135927845,BraTS20_Training_123.nii.gz,2,0.9250777388728985,4.620567434771805,nnUNetTrainerUMambaEncRTHD_StageAwareDecoder_SkipCalibration_150epochs
0.9501126711735136,1.0,0.9757329769101544,1.0,0.9778245906533213,1.0,BraTS20_Training_124.nii.gz,2,0.9678900795789964,1.0,nnUNetTrainerUMambaEncRTHD_StageAwareDecoder_SkipCalibration_150epochs
0.759481961147086,6.708203932499369,0.7906466934599927,6.324555320336759,0.8610473128158016,4.123105625617661,BraTS20_Training_128.nii.gz,2,0.8037253224742934,5.718621626151263,nnUNetTrainerUMambaEncRTHD_StageAwareDecoder_SkipCalibration_150epochs
0.4911591355599214,4.358898943540674,0.8107557547361988,3.0,0.922111323470423,2.449489742783178,BraTS20_Training_141.nii.gz,2,0.7413420712555144,3.269462895441284,nnUNetTrainerUMambaEncRTHD_StageAwareDecoder_SkipCalibration_150epochs
0.8833351058172924,1.4142135623730951,0.9545705132980705,1.0,0.9170223149849953,2.23606797749979,BraTS20_Training_146.nii.gz,2,0.9183093113667861,1.550093846624295,nnUNetTrainerUMambaEncRTHD_StageAwareDecoder_SkipCalibration_150epochs
0.7501418488005266,2.8284271247461903,0.7161378404179969,7.615773105863909,0.9058844545598899,3.0,BraTS20_Training_148.nii.gz,2,0.7907213812594711,4.481400076870033,nnUNetTrainerUMambaEncRTHD_StageAwareDecoder_SkipCalibration_150epochs
0.9409476386835758,1.0,0.9712166077626007,1.0,0.9665247340819044,1.0,BraTS20_Training_151.nii.gz,2,0.9595629935093603,1.0,nnUNetTrainerUMambaEncRTHD_StageAwareDecoder_SkipCalibration_150epochs
0.9618010885700149,1.0,0.9815939178053059,1.0,0.9671948115918233,1.0,BraTS20_Training_152.nii.gz,2,0.970196605989048,1.0,nnUNetTrainerUMambaEncRTHD_StageAwareDecoder_SkipCalibration_150epochs
0.9477894177209072,1.0,0.9609890938332412,1.0,0.9480847303156674,1.4142135623730951,BraTS20_Training_157.nii.gz,2,0.9522877472899386,1.1380711874576983,nnUNetTrainerUMambaEncRTHD_StageAwareDecoder_SkipCalibration_150epochs
0.8591506683535948,2.0,0.9093623748463024,3.7416573867739413,0.9226480201157401,10.770329614269007,BraTS20_Training_160.nii.gz,2,0.8970536877718791,5.503995667014316,nnUNetTrainerUMambaEncRTHD_StageAwareDecoder_SkipCalibration_150epochs
0.8708035073214246,2.0,0.9428551156520505,2.23606797749979,0.9768210728232726,1.0,BraTS20_Training_163.nii.gz,2,0.9301598985989159,1.74535599249993,nnUNetTrainerUMambaEncRTHD_StageAwareDecoder_SkipCalibration_150epochs
0.9323163327261688,1.4142135623730951,0.9558159057801042,1.4142135623730951,0.8677055321887426,35.63705936241092,BraTS20_Training_180.nii.gz,2,0.9186125902316719,12.821828829052372,nnUNetTrainerUMambaEncRTHD_StageAwareDecoder_SkipCalibration_150epochs
0.9249569516191746,1.0,0.9432267337405678,1.0,0.9074378889974796,2.23606797749979,BraTS20_Training_182.nii.gz,2,0.9252071914524073,1.4120226591665965,nnUNetTrainerUMambaEncRTHD_StageAwareDecoder_SkipCalibration_150epochs
0.8483130138928268,1.0,0.8991274384482855,1.4142135623730951,0.8168677836617761,7.14142842854285,BraTS20_Training_188.nii.gz,2,0.8547694120009628,3.185213996971982,nnUNetTrainerUMambaEncRTHD_StageAwareDecoder_SkipCalibration_150epochs
0.9528124706545216,1.0,0.969676417569473,1.0,0.9429800910247838,2.23606797749979,BraTS20_Training_189.nii.gz,2,0.9551563264162595,1.4120226591665965,nnUNetTrainerUMambaEncRTHD_StageAwareDecoder_SkipCalibration_150epochs
0.9508075515953446,1.0,0.9578447118875272,1.4142135623730951,0.9382638398042079,1.4142135623730951,BraTS20_Training_196.nii.gz,2,0.9489720344290266,1.2761423749153968,nnUNetTrainerUMambaEncRTHD_StageAwareDecoder_SkipCalibration_150epochs
0.905863626863032,2.0,0.9390285039635689,2.23606797749979,0.9676906906189532,1.4142135623730951,BraTS20_Training_199.nii.gz,2,0.937527607148518,1.8834271799576283,nnUNetTrainerUMambaEncRTHD_StageAwareDecoder_SkipCalibration_150epochs
0.921824423737126,1.0,0.9282560706401766,1.0,0.8316167576879375,6.0,BraTS20_Training_206.nii.gz,2,0.8938990840217467,2.6666666666666665,nnUNetTrainerUMambaEncRTHD_StageAwareDecoder_SkipCalibration_150epochs
0.9126218122710551,1.4142135623730951,0.931361293631989,1.7320508075688772,0.9670962564320446,1.4142135623730951,BraTS20_Training_221.nii.gz,2,0.9370264541116963,1.520159310771689,nnUNetTrainerUMambaEncRTHD_StageAwareDecoder_SkipCalibration_150epochs
0.9287902929280549,1.0,0.8725781650435674,3.1622776601683795,0.9404258687564315,1.4142135623730951,BraTS20_Training_222.nii.gz,2,0.9139314422426846,1.858830407513825,nnUNetTrainerUMambaEncRTHD_StageAwareDecoder_SkipCalibration_150epochs
0.9137391992612625,2.23606797749979,0.9434897895933055,2.0,0.9804766514613319,1.0,BraTS20_Training_231.nii.gz,2,0.9459018801053,1.74535599249993,nnUNetTrainerUMambaEncRTHD_StageAwareDecoder_SkipCalibration_150epochs
0.9140419895775025,1.0,0.960617721174147,2.0,0.9586975859636208,2.0,BraTS20_Training_235.nii.gz,2,0.9444524322384235,1.6666666666666667,nnUNetTrainerUMambaEncRTHD_StageAwareDecoder_SkipCalibration_150epochs
0.7610062893081762,4.58257569495584,0.7642998960007563,5.477225575051661,0.9197828709288299,10.0,BraTS20_Training_239.nii.gz,2,0.8150296854125875,6.686600423335833,nnUNetTrainerUMambaEncRTHD_StageAwareDecoder_SkipCalibration_150epochs
0.9335803931307188,1.0,0.9608836891211958,1.4142135623730951,0.9103189168327281,5.0,BraTS20_Training_247.nii.gz,2,0.9349276663615476,2.471404520791032,nnUNetTrainerUMambaEncRTHD_StageAwareDecoder_SkipCalibration_150epochs
0.82596060703907,1.4142135623730951,0.6205992131544437,4.242640687119285,0.8879914595089218,5.0,BraTS20_Training_250.nii.gz,2,0.7781837599008118,3.5522847498307932,nnUNetTrainerUMambaEncRTHD_StageAwareDecoder_SkipCalibration_150epochs
0.9362253715865884,1.7320508075688772,0.9368047152504001,19.1049731745428,0.9600678957280206,1.4142135623730951,BraTS20_Training_257.nii.gz,2,0.9443659941883363,7.417079181494924,nnUNetTrainerUMambaEncRTHD_StageAwareDecoder_SkipCalibration_150epochs
0.0,,0.2523118509034002,17.72004514666935,0.8904352613709356,3.0,BraTS20_Training_263.nii.gz,2,0.38091570409144526,10.360022573334675,nnUNetTrainerUMambaEncRTHD_StageAwareDecoder_SkipCalibration_150epochs
0.9747846618347552,1.0,0.9831206437437248,1.0,0.9639248548957654,1.0,BraTS20_Training_270.nii.gz,2,0.9739433868247485,1.0,nnUNetTrainerUMambaEncRTHD_StageAwareDecoder_SkipCalibration_150epochs
0.5315068493150685,2.449489742783178,0.920130835563485,2.0,0.9563640008017639,2.0,BraTS20_Training_271.nii.gz,2,0.8026672285601057,2.1498299142610593,nnUNetTrainerUMambaEncRTHD_StageAwareDecoder_SkipCalibration_150epochs
0.3875270968817742,20.024984394500787,0.8793783188268764,4.242640687119285,0.875265644689561,26.92582403567252,BraTS20_Training_273.nii.gz,2,0.7140570201327372,17.06448303909753,nnUNetTrainerUMambaEncRTHD_StageAwareDecoder_SkipCalibration_150epochs
,,0.0,,0.7434930827366029,5.830951894845301,BraTS20_Training_275.nii.gz,2,0.37174654136830143,5.830951894845301,nnUNetTrainerUMambaEncRTHD_StageAwareDecoder_SkipCalibration_150epochs
0.8112791430371771,1.4142135623730951,0.9042263525512017,1.0,0.9281336024958708,2.8284271247461903,BraTS20_Training_276.nii.gz,2,0.8812130326947498,1.7475468957064284,nnUNetTrainerUMambaEncRTHD_StageAwareDecoder_SkipCalibration_150epochs
0.7795379027895835,3.1622776601683795,0.9366924834564824,2.23606797749979,0.9651999602698041,2.0,BraTS20_Training_285.nii.gz,2,0.89381011550529,2.4661152125560566,nnUNetTrainerUMambaEncRTHD_StageAwareDecoder_SkipCalibration_150epochs
0.8998967228393663,2.449489742783178,0.6668252352364733,14.142135623730951,0.9188262077348598,5.385164807134504,BraTS20_Training_293.nii.gz,2,0.8285160552702331,7.325596724549544,nnUNetTrainerUMambaEncRTHD_StageAwareDecoder_SkipCalibration_150epochs
0.9268060836501901,1.0,0.7338510669182755,11.049878566109411,0.9299754494337531,2.449489742783178,BraTS20_Training_300.nii.gz,2,0.8635442000007396,4.833122769630863,nnUNetTrainerUMambaEncRTHD_StageAwareDecoder_SkipCalibration_150epochs
0.6647474483119602,6.324555320336759,0.7345494883085435,10.488088481701515,0.9045620142375915,5.830951894845301,BraTS20_Training_301.nii.gz,2,0.767952983619365,7.547865232294525,nnUNetTrainerUMambaEncRTHD_StageAwareDecoder_SkipCalibration_150epochs
0.0,20.672846398128122,0.8933148935513889,4.242640687119285,0.9322768968239639,5.385164807134504,BraTS20_Training_307.nii.gz,2,0.6085305967917842,10.100217297460636,nnUNetTrainerUMambaEncRTHD_StageAwareDecoder_SkipCalibration_150epochs
0.0,,0.7349585199130809,16.881943016134134,0.9085981106202323,3.4641016151377544,BraTS20_Training_312.nii.gz,2,0.5478522101777711,10.173022315635944,nnUNetTrainerUMambaEncRTHD_StageAwareDecoder_SkipCalibration_150epochs
0.8785115820601281,1.4142135623730951,0.8074437839234945,2.449489742783178,0.9513404729389779,1.4142135623730951,BraTS20_Training_317.nii.gz,2,0.8790986129742002,1.7593056225097894,nnUNetTrainerUMambaEncRTHD_StageAwareDecoder_SkipCalibration_150epochs
0.8861275476660092,1.7320508075688772,0.8804899753965346,2.23606797749979,0.8649434236478771,12.36931687685298,BraTS20_Training_320.nii.gz,2,0.877186982236807,5.445811887307216,nnUNetTrainerUMambaEncRTHD_StageAwareDecoder_SkipCalibration_150epochs
,,0.7759416156362722,5.0990195135927845,0.9520826265001302,1.4142135623730951,BraTS20_Training_321.nii.gz,2,0.8640121210682012,3.2566165379829397,nnUNetTrainerUMambaEncRTHD_StageAwareDecoder_SkipCalibration_150epochs
0.4507042253521127,19.12528316633118,0.9412795062140296,2.0,0.9606249620172042,2.23606797749979,BraTS20_Training_322.nii.gz,2,0.7842028978611155,7.7871170479436564,nnUNetTrainerUMambaEncRTHD_StageAwareDecoder_SkipCalibration_150epochs
0.36009134024240297,8.54400374531753,0.5414147996020549,16.673332000533065,0.8959002439495253,5.385164807134504,BraTS20_Training_326.nii.gz,2,0.599135461264661,10.2008335176617,nnUNetTrainerUMambaEncRTHD_StageAwareDecoder_SkipCalibration_150epochs
0.8748111782477341,2.23606797749979,0.8727575770867143,2.23606797749979,0.9698717217979065,1.0,BraTS20_Training_334.nii.gz,2,0.9058134923774517,1.8240453183331933,nnUNetTrainerUMambaEncRTHD_StageAwareDecoder_SkipCalibration_150epochs
0.9423335604353371,1.0,0.9829702621596437,1.0,0.9764457989991346,1.0,BraTS20_Training_346.nii.gz,2,0.9672498738647052,1.0,nnUNetTrainerUMambaEncRTHD_StageAwareDecoder_SkipCalibration_150epochs
0.963003663003663,1.0,0.9775129850290254,1.0,0.977802357579623,1.0,BraTS20_Training_347.nii.gz,2,0.9727730018707704,1.0,nnUNetTrainerUMambaEncRTHD_StageAwareDecoder_SkipCalibration_150epochs
0.9623274800751637,1.0,0.9800667503597783,1.0,0.9802458296751536,1.0,BraTS20_Training_350.nii.gz,2,0.9742133533700319,1.0,nnUNetTrainerUMambaEncRTHD_StageAwareDecoder_SkipCalibration_150epochs
0.9672708962739174,1.0,0.9781205810515491,1.0,0.9645749088912187,1.0,BraTS20_Training_351.nii.gz,2,0.9699887954055617,1.0,nnUNetTrainerUMambaEncRTHD_StageAwareDecoder_SkipCalibration_150epochs
0.9439734054162959,1.0,0.9738989495359304,1.0,0.9646911583260032,1.4142135623730951,BraTS20_Training_354.nii.gz,2,0.9608545044260765,1.1380711874576983,nnUNetTrainerUMambaEncRTHD_StageAwareDecoder_SkipCalibration_150epochs
0.9034286720499082,1.4142135623730951,0.949906754236601,1.7320508075688772,0.8648546096151171,4.898979485566356,BraTS20_Training_356.nii.gz,2,0.9060633453005421,2.681747951836109,nnUNetTrainerUMambaEncRTHD_StageAwareDecoder_SkipCalibration_150epochs
0.13768115942028986,17.774936780931426,0.03586428449172514,27.80287754891569,0.9386727465587242,4.0,BraTS20_Training_361.nii.gz,2,0.37073939682357976,16.52593810994904,nnUNetTrainerUMambaEncRTHD_StageAwareDecoder_SkipCalibration_150epochs
0.9315730322563976,1.0,0.9683192622203055,1.4142135623730951,0.9705621963641441,1.4142135623730951,BraTS20_Training_362.nii.gz,2,0.9568181636136157,1.2761423749153968,nnUNetTrainerUMambaEncRTHD_StageAwareDecoder_SkipCalibration_150epochs
0.9073574696845804,1.0,0.963009227545634,1.4142135623730951,0.9534348177169004,1.4142135623730951,BraTS20_Training_364.nii.gz,2,0.9412671716490383,1.2761423749153968,nnUNetTrainerUMambaEncRTHD_StageAwareDecoder_SkipCalibration_150epochs
0.8551771585827314,1.0,0.91156271899089,1.0,0.7781228546209422,5.385164807134504,BraTS20_Training_003.nii.gz,3,0.8482875773981878,2.461721602378168,nnUNetTrainerUMambaEncRTHD_StageAwareDecoder_SkipCalibration_150epochs
0.8971688903351773,1.0,0.9332198158888948,11.260466695786967,0.9180192713969186,2.0,BraTS20_Training_007.nii.gz,3,0.9161359925403303,4.753488898595656,nnUNetTrainerUMambaEncRTHD_StageAwareDecoder_SkipCalibration_150epochs
0.8484513552211811,1.0,0.9238127172934719,2.8284271247461903,0.9149053287008813,3.0,BraTS20_Training_014.nii.gz,3,0.8957231337385114,2.2761423749153966,nnUNetTrainerUMambaEncRTHD_StageAwareDecoder_SkipCalibration_150epochs
0.909482164041162,1.0,0.9702027810737665,1.0,0.9253052587305969,2.0,BraTS20_Training_025.nii.gz,3,0.9349967346151751,1.3333333333333333,nnUNetTrainerUMambaEncRTHD_StageAwareDecoder_SkipCalibration_150epochs
0.9197044486004231,1.0,0.9584002705673459,1.0,0.9572089595020679,1.0,BraTS20_Training_033.nii.gz,3,0.9451045595566123,1.0,nnUNetTrainerUMambaEncRTHD_StageAwareDecoder_SkipCalibration_150epochs
0.8779447142662612,1.0,0.950767378874511,1.0,0.9205520558221747,1.7320508075688772,BraTS20_Training_052.nii.gz,3,0.916421382987649,1.2440169358562925,nnUNetTrainerUMambaEncRTHD_StageAwareDecoder_SkipCalibration_150epochs
0.9070266486066934,1.0,0.962071424441575,1.0,0.9555487357027341,1.4142135623730951,BraTS20_Training_062.nii.gz,3,0.9415489362503342,1.1380711874576983,nnUNetTrainerUMambaEncRTHD_StageAwareDecoder_SkipCalibration_150epochs
0.8381917558642679,1.0,0.9296968520495649,1.4142135623730951,0.9484511483233201,1.0,BraTS20_Training_066.nii.gz,3,0.9054465854123843,1.1380711874576983,nnUNetTrainerUMambaEncRTHD_StageAwareDecoder_SkipCalibration_150epochs
0.7464451085350234,1.4142135623730951,0.8592307355708222,3.605551275463989,0.9320839816093561,1.7320508075688772,BraTS20_Training_070.nii.gz,3,0.8459199419050673,2.2506052151353204,nnUNetTrainerUMambaEncRTHD_StageAwareDecoder_SkipCalibration_150epochs
0.6730990121755112,3.7416573867739413,0.8811269225240764,1.4142135623730951,0.8491453661596362,2.449489742783178,BraTS20_Training_079.nii.gz,3,0.8011237669530746,2.535120230643405,nnUNetTrainerUMambaEncRTHD_StageAwareDecoder_SkipCalibration_150epochs
0.850928460457202,1.4142135623730951,0.8480568961137922,3.1622776601683795,0.8990581273355259,2.0,BraTS20_Training_080.nii.gz,3,0.8660144946355067,2.192163740847158,nnUNetTrainerUMambaEncRTHD_StageAwareDecoder_SkipCalibration_150epochs
0.7023786501643783,5.830951894845301,0.8774904096027719,9.057802986468998,0.915361614396308,1.7320508075688772,BraTS20_Training_085.nii.gz,3,0.8317435580544861,5.540268562961058,nnUNetTrainerUMambaEncRTHD_StageAwareDecoder_SkipCalibration_150epochs
0.0,93.66963221877195,0.0,95.09994742374992,0.0,96.0728889958036,BraTS20_Training_087.nii.gz,3,0.0,94.94748954610849,nnUNetTrainerUMambaEncRTHD_StageAwareDecoder_SkipCalibration_150epochs
0.8769425413573321,1.0,0.9103929005520817,2.449489742783178,0.9728921808200198,1.0,BraTS20_Training_095.nii.gz,3,0.9200758742431445,1.4831632475943926,nnUNetTrainerUMambaEncRTHD_StageAwareDecoder_SkipCalibration_150epochs
0.9295035132422207,1.0,0.972592398343942,1.0,0.9605019041109266,1.4142135623730951,BraTS20_Training_097.nii.gz,3,0.9541992718990298,1.1380711874576983,nnUNetTrainerUMambaEncRTHD_StageAwareDecoder_SkipCalibration_150epochs
0.8787878787878788,5.656854249492381,0.8448275862068966,6.212456398179303,0.6170585292646323,10.816653826391969,BraTS20_Training_099.nii.gz,3,0.7802246647531359,7.561988158021218,nnUNetTrainerUMambaEncRTHD_StageAwareDecoder_SkipCalibration_150epochs
0.9291733711511714,1.0,0.9702182814387132,1.0,0.9364711578364919,3.7416573867739413,BraTS20_Training_103.nii.gz,3,0.9452876034754588,1.9138857955913138,nnUNetTrainerUMambaEncRTHD_StageAwareDecoder_SkipCalibration_150epochs
0.9059955588452998,1.0,0.9126180836707153,1.0,0.7519346517626827,29.748949561287034,BraTS20_Training_110.nii.gz,3,0.8568494314262326,10.582983187095678,nnUNetTrainerUMambaEncRTHD_StageAwareDecoder_SkipCalibration_150epochs
0.9691556058795161,1.0,0.9873597771097588,1.0,0.9739048668418456,1.0,BraTS20_Training_112.nii.gz,3,0.9768067499437069,1.0,nnUNetTrainerUMambaEncRTHD_StageAwareDecoder_SkipCalibration_150epochs
0.9353533359652586,1.0,0.9701417200543584,1.0,0.9587342709104367,1.0,BraTS20_Training_117.nii.gz,3,0.9547431089766846,1.0,nnUNetTrainerUMambaEncRTHD_StageAwareDecoder_SkipCalibration_150epochs
0.9497466794468027,1.0,0.9723717892135229,1.0,0.9610705596107056,1.0,BraTS20_Training_122.nii.gz,3,0.9610630094236771,1.0,nnUNetTrainerUMambaEncRTHD_StageAwareDecoder_SkipCalibration_150epochs
0.9173621133212022,1.0,0.9241730529099234,2.449489742783178,0.9286401038870229,3.0,BraTS20_Training_126.nii.gz,3,0.9233917567060494,2.1498299142610593,nnUNetTrainerUMambaEncRTHD_StageAwareDecoder_SkipCalibration_150epochs
0.964684476056571,1.0,0.9754464285714286,1.0,0.9633408919123205,1.0,BraTS20_Training_127.nii.gz,3,0.9678239321801068,1.0,nnUNetTrainerUMambaEncRTHD_StageAwareDecoder_SkipCalibration_150epochs
0.9112510607887802,2.23606797749979,0.928386471902117,1.9732050807567902,0.9192657820972404,5.385164807134504,BraTS20_Training_132.nii.gz,3,0.9196344382627125,3.1981459551303613,nnUNetTrainerUMambaEncRTHD_StageAwareDecoder_SkipCalibration_150epochs
0.9092835632226642,1.0,0.9501608250157509,2.0,0.9537479476664139,1.4142135623730951,BraTS20_Training_140.nii.gz,3,0.937730778634943,1.4714045207910318,nnUNetTrainerUMambaEncRTHD_StageAwareDecoder_SkipCalibration_150epochs
0.9295885577468338,1.0,0.9762969768772617,1.0,0.9589677391478123,1.4142135623730951,BraTS20_Training_154.nii.gz,3,0.9549510912573026,1.1380711874576983,nnUNetTrainerUMambaEncRTHD_StageAwareDecoder_SkipCalibration_150epochs
0.9358424447908252,1.0,0.9612102198707894,1.4142135623730951,0.7362331883405829,14.7648230602334,BraTS20_Training_164.nii.gz,3,0.8777619510007325,5.726345540868832,nnUNetTrainerUMambaEncRTHD_StageAwareDecoder_SkipCalibration_150epochs
0.8814846115923657,1.7320508075688772,0.9382878550093656,2.23606797749979,0.9388148628934939,2.449489742783178,BraTS20_Training_168.nii.gz,3,0.9195291098317417,2.1392028426172818,nnUNetTrainerUMambaEncRTHD_StageAwareDecoder_SkipCalibration_150epochs
0.908884553998936,1.0,0.9470452172845066,1.4142135623730951,0.9425204982821491,1.7320508075688772,BraTS20_Training_170.nii.gz,3,0.9328167565218639,1.3820881233139908,nnUNetTrainerUMambaEncRTHD_StageAwareDecoder_SkipCalibration_150epochs
0.765263812584223,2.23606797749979,0.8520091135045568,7.0710678118654755,0.9035970690548442,6.4031242374328485,BraTS20_Training_171.nii.gz,3,0.840289998381208,5.236753342266038,nnUNetTrainerUMambaEncRTHD_StageAwareDecoder_SkipCalibration_150epochs
0.47799475371611777,23.173260452512935,0.4490351872871737,23.108440016582687,0.7393639490676484,21.414944994990172,BraTS20_Training_177.nii.gz,3,0.5554646300236465,22.565548488028597,nnUNetTrainerUMambaEncRTHD_StageAwareDecoder_SkipCalibration_150epochs
0.9488687296066549,1.0,0.963956043956044,1.0,0.929255601409467,2.8284271247461903,BraTS20_Training_184.nii.gz,3,0.947360124990722,1.60947570824873,nnUNetTrainerUMambaEncRTHD_StageAwareDecoder_SkipCalibration_150epochs
0.8740044925464571,1.4142135623730951,0.9436368422592062,1.7320508075688772,0.9608309695018904,3.0,BraTS20_Training_193.nii.gz,3,0.9261574347691846,2.0487547899806575,nnUNetTrainerUMambaEncRTHD_StageAwareDecoder_SkipCalibration_150epochs
0.9317792811150053,1.0,0.9750563044684531,1.0,0.9540082792350775,1.7320508075688772,BraTS20_Training_194.nii.gz,3,0.9536146216061786,1.2440169358562925,nnUNetTrainerUMambaEncRTHD_StageAwareDecoder_SkipCalibration_150epochs
0.8142316343885445,2.0,0.9198859726727612,2.8284271247461903,0.9352953198446761,2.23606797749979,BraTS20_Training_195.nii.gz,3,0.8898043089686606,2.35483170074866,nnUNetTrainerUMambaEncRTHD_StageAwareDecoder_SkipCalibration_150epochs
0.8940424654710369,1.4142135623730951,0.8812506068550344,1.7320508075688772,0.9482127779341402,1.7320508075688772,BraTS20_Training_200.nii.gz,3,0.9078352834200705,1.6261050591702833,nnUNetTrainerUMambaEncRTHD_StageAwareDecoder_SkipCalibration_150epochs
0.8906366698675446,1.7320508075688772,0.9580588574442768,1.0,0.9620003125119772,1.0,BraTS20_Training_201.nii.gz,3,0.9368986132745996,1.2440169358562925,nnUNetTrainerUMambaEncRTHD_StageAwareDecoder_SkipCalibration_150epochs
0.6944063143445436,3.1622776601683795,0.8646778402491946,6.164414002968976,0.939051021381701,5.196152422706632,BraTS20_Training_212.nii.gz,3,0.8327117253251464,4.840948028614663,nnUNetTrainerUMambaEncRTHD_StageAwareDecoder_SkipCalibration_150epochs
0.9119543193958372,1.4142135623730951,0.9155698719077937,3.1622776601683795,0.924734246185075,5.916079783099616,BraTS20_Training_213.nii.gz,3,0.917419479162902,3.4975236685470303,nnUNetTrainerUMambaEncRTHD_StageAwareDecoder_SkipCalibration_150epochs
0.8933290364163713,1.0,0.9289194611636572,2.23606797749979,0.9189928730481156,2.0,BraTS20_Training_215.nii.gz,3,0.9137471235427147,1.74535599249993,nnUNetTrainerUMambaEncRTHD_StageAwareDecoder_SkipCalibration_150epochs
0.938056049822064,1.0,0.9380168741124384,1.4142135623730951,0.9236055916592641,1.4142135623730951,BraTS20_Training_217.nii.gz,3,0.9332261718645889,1.2761423749153968,nnUNetTrainerUMambaEncRTHD_StageAwareDecoder_SkipCalibration_150epochs
0.8658894475303899,1.4142135623730951,0.9389770357311579,2.23606797749979,0.9541187275762689,2.0,BraTS20_Training_218.nii.gz,3,0.9196617369459389,1.8834271799576283,nnUNetTrainerUMambaEncRTHD_StageAwareDecoder_SkipCalibration_150epochs
0.8630676120358192,3.1622776601683795,0.9483521162251166,2.23606797749979,0.9695699209077577,1.0,BraTS20_Training_225.nii.gz,3,0.9269965497228978,2.132781879222723,nnUNetTrainerUMambaEncRTHD_StageAwareDecoder_SkipCalibration_150epochs
0.9064948633118579,1.0,0.849211356466877,2.23606797749979,0.9517165518439182,1.4142135623730951,BraTS20_Training_233.nii.gz,3,0.902474257207551,1.550093846624295,nnUNetTrainerUMambaEncRTHD_StageAwareDecoder_SkipCalibration_150epochs
0.7687921980495124,13.601470508735444,0.8887148117472133,6.782329983125268,0.9381796167369083,2.0,BraTS20_Training_234.nii.gz,3,0.8652288755112113,7.461266830620238,nnUNetTrainerUMambaEncRTHD_StageAwareDecoder_SkipCalibration_150epochs
0.8780229666084564,1.4142135623730951,0.9167066111131595,2.0,0.9578466194154655,3.0,BraTS20_Training_237.nii.gz,3,0.9175253990456937,2.1380711874576983,nnUNetTrainerUMambaEncRTHD_StageAwareDecoder_SkipCalibration_150epochs
0.861382509045122,2.0,0.8987293904099228,4.123105625617661,0.8752273670102435,4.47213595499958,BraTS20_Training_242.nii.gz,3,0.8784464221550962,3.53174719353908,nnUNetTrainerUMambaEncRTHD_StageAwareDecoder_SkipCalibration_150epochs
0.8038015695874433,45.45327270945405,0.8559355935593559,49.56813492557492,0.9472430890668789,1.7320508075688772,BraTS20_Training_243.nii.gz,3,0.8689934174045594,32.25115281419928,nnUNetTrainerUMambaEncRTHD_StageAwareDecoder_SkipCalibration_150epochs
0.7701840157533781,2.449489742783178,0.9389007806597834,2.23606797749979,0.9576634262374819,1.4142135623730951,BraTS20_Training_244.nii.gz,3,0.8889160742168811,2.033257094218688,nnUNetTrainerUMambaEncRTHD_StageAwareDecoder_SkipCalibration_150epochs
0.8286735337397519,2.8284271247461903,0.8796117810552742,4.0,0.9400371177752902,2.8284271247461903,BraTS20_Training_246.nii.gz,3,0.8827741441901055,3.21895141649746,nnUNetTrainerUMambaEncRTHD_StageAwareDecoder_SkipCalibration_150epochs
0.8547200778068202,2.449489742783178,0.8241963746668434,4.123105625617661,0.886612007944187,3.7416573867739413,BraTS20_Training_260.nii.gz,3,0.8551761534726169,3.4380842517249266,nnUNetTrainerUMambaEncRTHD_StageAwareDecoder_SkipCalibration_150epochs
0.0,,0.9528574352443545,1.4142135623730951,0.946031195293895,1.4142135623730951,BraTS20_Training_265.nii.gz,3,0.6329628768460832,1.4142135623730951,nnUNetTrainerUMambaEncRTHD_StageAwareDecoder_SkipCalibration_150epochs
0.0,,0.8230324180365507,4.58257569495584,0.9443066080996283,1.7320508075688772,BraTS20_Training_266.nii.gz,3,0.5891130087120596,3.1573132512623587,nnUNetTrainerUMambaEncRTHD_StageAwareDecoder_SkipCalibration_150epochs
0.7204953964448354,7.211102550927978,0.6065331719828603,15.066519173319364,0.8752750878682253,11.180339887498949,BraTS20_Training_274.nii.gz,3,0.734101218765307,11.152653870582096,nnUNetTrainerUMambaEncRTHD_StageAwareDecoder_SkipCalibration_150epochs
0.0,,0.00964630225080386,41.24318125460256,0.8870918841074034,5.0,BraTS20_Training_278.nii.gz,3,0.29891272878606906,23.12159062730128,nnUNetTrainerUMambaEncRTHD_StageAwareDecoder_SkipCalibration_150epochs
0.801980198019802,2.23606797749979,0.6143046763324485,10.198039027185569,0.9659691541947784,1.7320508075688772,BraTS20_Training_282.nii.gz,3,0.7940846761823429,4.7220526040847455,nnUNetTrainerUMambaEncRTHD_StageAwareDecoder_SkipCalibration_150epochs
0.0,,0.651343897030988,9.433981132056603,0.9686681964873165,2.0,BraTS20_Training_289.nii.gz,3,0.5400040311727682,5.716990566028302,nnUNetTrainerUMambaEncRTHD_StageAwareDecoder_SkipCalibration_150epochs
0.08536585365853659,24.406961828833477,0.7212354823268586,9.0,0.9598567959032992,1.4142135623730951,BraTS20_Training_291.nii.gz,3,0.5888193772962315,11.607058463735525,nnUNetTrainerUMambaEncRTHD_StageAwareDecoder_SkipCalibration_150epochs
0.56452802359882,13.601470508735444,0.8844457022990994,3.0,0.9482665324356635,2.23606797749979,BraTS20_Training_292.nii.gz,3,0.7990800861111943,6.279179495411745,nnUNetTrainerUMambaEncRTHD_StageAwareDecoder_SkipCalibration_150epochs
0.3015463917525773,15.615693039259297,0.9172741846469212,3.0,0.9514761828679014,2.0,BraTS20_Training_299.nii.gz,3,0.7234322530891333,6.871897679753099,nnUNetTrainerUMambaEncRTHD_StageAwareDecoder_SkipCalibration_150epochs
0.0,,0.7677478927161687,18.466185312619388,0.9231082320568677,4.47213595499958,BraTS20_Training_306.nii.gz,3,0.5636187082576788,11.469160633809484,nnUNetTrainerUMambaEncRTHD_StageAwareDecoder_SkipCalibration_150epochs
0.8662374821173104,7.810249675906654,0.8239296852849447,7.810249675906654,0.8120059861307253,5.656854249492381,BraTS20_Training_314.nii.gz,3,0.8340577178443268,7.09245120043523,nnUNetTrainerUMambaEncRTHD_StageAwareDecoder_SkipCalibration_150epochs
0.6375,1.0,0.9157498729028978,1.7320508075688772,0.9726462832299907,1.0,BraTS20_Training_315.nii.gz,3,0.8419653853776294,1.2440169358562925,nnUNetTrainerUMambaEncRTHD_StageAwareDecoder_SkipCalibration_150epochs
0.28620689655172415,13.641842960405,0.9068947328262001,4.47213595499958,0.9541284839727746,3.1622776601683795,BraTS20_Training_318.nii.gz,3,0.7157433711168997,7.092085525190987,nnUNetTrainerUMambaEncRTHD_StageAwareDecoder_SkipCalibration_150epochs
0.0,,0.8397355017575545,9.486832980505138,0.9158419009663274,4.358898943540674,BraTS20_Training_323.nii.gz,3,0.5851924675746273,6.922865962022906,nnUNetTrainerUMambaEncRTHD_StageAwareDecoder_SkipCalibration_150epochs
0.0,,0.48102012235571606,10.677078252031311,0.44420801770363433,18.57417562100671,BraTS20_Training_325.nii.gz,3,0.30840938001978346,14.62562693651901,nnUNetTrainerUMambaEncRTHD_StageAwareDecoder_SkipCalibration_150epochs
0.40166729821902236,9.16515138991168,0.918564912956896,6.4031242374328485,0.9481196500995694,4.123105625617661,BraTS20_Training_327.nii.gz,3,0.7561172870918292,6.563793750987396,nnUNetTrainerUMambaEncRTHD_StageAwareDecoder_SkipCalibration_150epochs
0.6136470588235294,51.85556864985669,0.7389992373246675,15.620499351813308,0.951985539251681,3.0,BraTS20_Training_328.nii.gz,3,0.7682106117999593,23.492022667223335,nnUNetTrainerUMambaEncRTHD_StageAwareDecoder_SkipCalibration_150epochs
0.0,,0.7775491971903712,7.0,0.9197987843865312,4.123105625617661,BraTS20_Training_335.nii.gz,3,0.5657826605256341,5.561552812808831,nnUNetTrainerUMambaEncRTHD_StageAwareDecoder_SkipCalibration_150epochs
0.9450277499772541,1.0,0.9793984217918018,1.0,0.9810075347157358,1.0,BraTS20_Training_337.nii.gz,3,0.9684779021615972,1.0,nnUNetTrainerUMambaEncRTHD_StageAwareDecoder_SkipCalibration_150epochs
0.6791521486643438,12.24744871391589,0.6237371953373366,11.0,0.9149695681256746,2.8284271247461903,BraTS20_Training_344.nii.gz,3,0.7392863040424517,8.69195861288736,nnUNetTrainerUMambaEncRTHD_StageAwareDecoder_SkipCalibration_150epochs
0.9099946001669039,1.4142135623730951,0.9516492273577715,2.449489742783178,0.9788611782371021,1.0,BraTS20_Training_348.nii.gz,3,0.9468350019205924,1.621234435052091,nnUNetTrainerUMambaEncRTHD_StageAwareDecoder_SkipCalibration_150epochs
0.9575443406734642,1.0,0.9802599356904054,1.0,0.9699290660361426,1.0,BraTS20_Training_363.nii.gz,3,0.9692444474666707,1.0,nnUNetTrainerUMambaEncRTHD_StageAwareDecoder_SkipCalibration_150epochs
0.9444194081418056,1.0,0.9439723844928306,2.449489742783178,0.9683580220339315,1.0,BraTS20_Training_367.nii.gz,3,0.9522499382228559,1.4831632475943926,nnUNetTrainerUMambaEncRTHD_StageAwareDecoder_SkipCalibration_150epochs
0.8930318702823595,1.0,0.9358084894159371,2.0,0.9209683179173017,3.4641016151377544,BraTS20_Training_001.nii.gz,4,0.9166028925385328,2.1547005383792515,nnUNetTrainerUMambaEncRTHD_StageAwareDecoder_SkipCalibration_150epochs
0.814959151933356,1.4142135623730951,0.9298082122435831,2.23606797749979,0.9359091590466196,2.23606797749979,BraTS20_Training_006.nii.gz,4,0.8935588410745195,1.9621165057908916,nnUNetTrainerUMambaEncRTHD_StageAwareDecoder_SkipCalibration_150epochs
0.7205919237521946,1.4142135623730951,0.9291972866026004,1.4142135623730951,0.9029927300298827,4.0,BraTS20_Training_013.nii.gz,4,0.8509273134615593,2.2761423749153966,nnUNetTrainerUMambaEncRTHD_StageAwareDecoder_SkipCalibration_150epochs
0.8248768472906404,2.0,0.8848734958346189,2.23606797749979,0.8827719066490533,4.123105625617661,BraTS20_Training_024.nii.gz,4,0.8641740832581042,2.7863912010391503,nnUNetTrainerUMambaEncRTHD_StageAwareDecoder_SkipCalibration_150epochs
0.8434211567370836,1.4142135623730951,0.853584171261758,3.0,0.8629787491004977,3.0,BraTS20_Training_030.nii.gz,4,0.8533280256997797,2.471404520791032,nnUNetTrainerUMambaEncRTHD_StageAwareDecoder_SkipCalibration_150epochs
0.797,1.4142135623730951,0.8706612617177604,3.605551275463989,0.892541424192617,3.0,BraTS20_Training_035.nii.gz,4,0.8534008953034591,2.6732549459456947,nnUNetTrainerUMambaEncRTHD_StageAwareDecoder_SkipCalibration_150epochs
0.8682077051926298,1.0,0.9392555470234005,1.4142135623730951,0.8418323986950602,5.0990195135927845,BraTS20_Training_037.nii.gz,4,0.8830985503036969,2.50441102532196,nnUNetTrainerUMambaEncRTHD_StageAwareDecoder_SkipCalibration_150epochs
0.7946768060836502,4.242640687119285,0.7599758162031439,4.358898943540674,0.8220381066882727,5.0,BraTS20_Training_044.nii.gz,4,0.792230242991689,4.533846543553319,nnUNetTrainerUMambaEncRTHD_StageAwareDecoder_SkipCalibration_150epochs
0.8639876352395672,1.0,0.8956791597039866,1.0,0.8266881558945807,4.123105625617661,BraTS20_Training_059.nii.gz,4,0.8621183169460448,2.04103520853922,nnUNetTrainerUMambaEncRTHD_StageAwareDecoder_SkipCalibration_150epochs
0.8617944574130604,1.0,0.9566481740284307,1.0,0.9219550839625019,3.605551275463989,BraTS20_Training_060.nii.gz,4,0.9134659051346643,1.8685170918213296,nnUNetTrainerUMambaEncRTHD_StageAwareDecoder_SkipCalibration_150epochs
0.6759639048400328,7.0710678118654755,0.7194732641660015,7.483314773547883,0.8825086692270405,2.23606797749979,BraTS20_Training_063.nii.gz,4,0.759315279411025,5.596816854304382,nnUNetTrainerUMambaEncRTHD_StageAwareDecoder_SkipCalibration_150epochs
0.7690149863552513,2.0,0.9137770835297128,4.242640687119285,0.8430165158609476,7.874007874011811,BraTS20_Training_064.nii.gz,4,0.8419361952486373,4.705549520377032,nnUNetTrainerUMambaEncRTHD_StageAwareDecoder_SkipCalibration_150epochs
0.8860555196901226,1.0,0.9294146581406788,1.0,0.7975133805392108,8.94427190999916,BraTS20_Training_065.nii.gz,4,0.8709945194566707,3.6480906366663866,nnUNetTrainerUMambaEncRTHD_StageAwareDecoder_SkipCalibration_150epochs
0.8550071568679425,1.0,0.9552834629248965,1.0,0.9291381544547253,1.4142135623730951,BraTS20_Training_073.nii.gz,4,0.9131429247491881,1.1380711874576983,nnUNetTrainerUMambaEncRTHD_StageAwareDecoder_SkipCalibration_150epochs
0.7967890409628019,1.0,0.9569074351507398,2.0,0.9589817369560493,2.23606797749979,BraTS20_Training_075.nii.gz,4,0.904226071023197,1.74535599249993,nnUNetTrainerUMambaEncRTHD_StageAwareDecoder_SkipCalibration_150epochs
0.9004814431104882,1.0,0.9543731095300985,1.0,0.9370708116749279,1.4142135623730951,BraTS20_Training_077.nii.gz,4,0.9306417881051715,1.1380711874576983,nnUNetTrainerUMambaEncRTHD_StageAwareDecoder_SkipCalibration_150epochs
0.8289985664550481,1.0,0.9347764572722128,1.0,0.8594870142572754,3.0,BraTS20_Training_078.nii.gz,4,0.8744206793281788,1.6666666666666667,nnUNetTrainerUMambaEncRTHD_StageAwareDecoder_SkipCalibration_150epochs
0.8275346483409052,1.0,0.939060773480663,1.4142135623730951,0.9409478058878372,1.4142135623730951,BraTS20_Training_081.nii.gz,4,0.9025144092364684,1.2761423749153968,nnUNetTrainerUMambaEncRTHD_StageAwareDecoder_SkipCalibration_150epochs
0.8388056286466079,1.0,0.9270511779041429,1.0,0.8353417721518988,4.58257569495584,BraTS20_Training_082.nii.gz,4,0.8670661929008832,2.1941918983186133,nnUNetTrainerUMambaEncRTHD_StageAwareDecoder_SkipCalibration_150epochs
0.8984017461099768,1.0,0.9578390738888095,1.0,0.9427953370989064,1.4142135623730951,BraTS20_Training_083.nii.gz,4,0.9330120523658976,1.1380711874576983,nnUNetTrainerUMambaEncRTHD_StageAwareDecoder_SkipCalibration_150epochs
0.846083041022962,1.7320508075688772,0.9354641327430443,2.0,0.9347292277961474,2.23606797749979,BraTS20_Training_084.nii.gz,4,0.9054254671873846,1.9893729283562223,nnUNetTrainerUMambaEncRTHD_StageAwareDecoder_SkipCalibration_150epochs
0.944826085605048,1.0,0.9631080639895527,1.0,0.9241947241514663,1.4142135623730951,BraTS20_Training_092.nii.gz,4,0.9440429579153556,1.1380711874576983,nnUNetTrainerUMambaEncRTHD_StageAwareDecoder_SkipCalibration_150epochs
0.9405088062622309,1.0,0.9684338324564954,1.0,0.9567191127160175,1.4142135623730951,BraTS20_Training_106.nii.gz,4,0.9552205838115813,1.1380711874576983,nnUNetTrainerUMambaEncRTHD_StageAwareDecoder_SkipCalibration_150epochs
0.9656510041919539,1.0,0.9686928980387379,1.0,0.932578081976241,1.4142135623730951,BraTS20_Training_108.nii.gz,4,0.955640661402311,1.1380711874576983,nnUNetTrainerUMambaEncRTHD_StageAwareDecoder_SkipCalibration_150epochs
0.9475130165060375,1.0,0.9783372468706414,1.0,0.9389065193644746,1.4142135623730951,BraTS20_Training_109.nii.gz,4,0.9549189275803844,1.1380711874576983,nnUNetTrainerUMambaEncRTHD_StageAwareDecoder_SkipCalibration_150epochs
0.9100642398286938,1.0,0.9555793585785395,1.0,0.8677258311709989,3.4641016151377544,BraTS20_Training_119.nii.gz,4,0.911123143192744,1.8213672050459182,nnUNetTrainerUMambaEncRTHD_StageAwareDecoder_SkipCalibration_150epochs
0.919412136843642,1.0,0.9719443399774351,1.0,0.9555521732173452,39.71145930332956,BraTS20_Training_120.nii.gz,4,0.9489695500128075,13.90381976777652,nnUNetTrainerUMambaEncRTHD_StageAwareDecoder_SkipCalibration_150epochs
0.9431064003261312,1.0,0.9510625518405171,1.4142135623730951,0.971704623878537,1.0,BraTS20_Training_125.nii.gz,4,0.9552911920150617,1.1380711874576983,nnUNetTrainerUMambaEncRTHD_StageAwareDecoder_SkipCalibration_150epochs
0.885846094889973,1.0,0.9618425575799243,1.4142135623730951,0.906796592358143,3.0,BraTS20_Training_130.nii.gz,4,0.9181617482760135,1.804737854124365,nnUNetTrainerUMambaEncRTHD_StageAwareDecoder_SkipCalibration_150epochs
0.8164264495544065,2.449489742783178,0.9270390110628387,3.7416573867739413,0.9105099940062023,3.0,BraTS20_Training_134.nii.gz,4,0.8846584848744825,3.063715709852373,nnUNetTrainerUMambaEncRTHD_StageAwareDecoder_SkipCalibration_150epochs
0.8971135940409684,1.0,0.9346153846153846,1.0,0.8739131448285508,2.449489742783178,BraTS20_Training_139.nii.gz,4,0.9018807078283012,1.4831632475943926,nnUNetTrainerUMambaEncRTHD_StageAwareDecoder_SkipCalibration_150epochs
0.8012348042500239,1.7320508075688772,0.948591658299036,2.449489742783178,0.9474739294651806,2.23606797749979,BraTS20_Training_143.nii.gz,4,0.8991001306714135,2.1392028426172818,nnUNetTrainerUMambaEncRTHD_StageAwareDecoder_SkipCalibration_150epochs
0.9441992408170564,1.0,0.9429504053911761,2.8284271247461903,0.9449737167401266,2.23606797749979,BraTS20_Training_144.nii.gz,4,0.9440411209827864,2.021498367415327,nnUNetTrainerUMambaEncRTHD_StageAwareDecoder_SkipCalibration_150epochs
0.2108360114063278,47.54997371187496,0.45082401320913423,13.45362404707371,0.7833603949897276,9.9498743710662,BraTS20_Training_147.nii.gz,4,0.4816734732017299,23.651157376671623,nnUNetTrainerUMambaEncRTHD_StageAwareDecoder_SkipCalibration_150epochs
0.9563593018911563,1.0,0.9371345029239766,3.605551275463989,0.9530771660174755,1.4142135623730951,BraTS20_Training_156.nii.gz,4,0.9488569902775361,2.006588279279028,nnUNetTrainerUMambaEncRTHD_StageAwareDecoder_SkipCalibration_150epochs
0.8187720274531627,6.4031242374328485,0.8591994308551819,8.18535277187245,0.9169668919451969,2.23606797749979,BraTS20_Training_167.nii.gz,4,0.8649794500845138,5.608181662268363,nnUNetTrainerUMambaEncRTHD_StageAwareDecoder_SkipCalibration_150epochs
0.949259477089237,1.0,0.9601102643100373,1.0,0.9552067176552388,1.0,BraTS20_Training_172.nii.gz,4,0.9548588196848377,1.0,nnUNetTrainerUMambaEncRTHD_StageAwareDecoder_SkipCalibration_150epochs
0.86956215683514,1.4142135623730951,0.8515985687903971,3.7416573867739413,0.8928556749336205,3.0,BraTS20_Training_173.nii.gz,4,0.8713388001863859,2.7186236497156786,nnUNetTrainerUMambaEncRTHD_StageAwareDecoder_SkipCalibration_150epochs
0.903451852059479,2.449489742783178,0.9307641126665014,2.449489742783178,0.9500607949208938,2.23606797749979,BraTS20_Training_179.nii.gz,4,0.9280922532156247,2.378349154355382,nnUNetTrainerUMambaEncRTHD_StageAwareDecoder_SkipCalibration_150epochs
0.9536789649064873,1.0,0.9647626874871584,1.0,0.9329078847930137,2.449489742783178,BraTS20_Training_186.nii.gz,4,0.9504498457288865,1.4831632475943926,nnUNetTrainerUMambaEncRTHD_StageAwareDecoder_SkipCalibration_150epochs
0.8556218267856263,2.23606797749979,0.8495973028657052,2.8284271247461903,0.9224594603342432,3.0,BraTS20_Training_190.nii.gz,4,0.8758928633285249,2.6881650340819934,nnUNetTrainerUMambaEncRTHD_StageAwareDecoder_SkipCalibration_150epochs
0.8914930725665798,1.0,0.9422323462414579,1.4142135623730951,0.9626425841036809,1.4142135623730951,BraTS20_Training_202.nii.gz,4,0.9321226676372395,1.2761423749153968,nnUNetTrainerUMambaEncRTHD_StageAwareDecoder_SkipCalibration_150epochs
0.8942670294524798,1.0,0.9603403471453164,1.0,0.945518886068159,2.0,BraTS20_Training_209.nii.gz,4,0.9333754208886518,1.3333333333333333,nnUNetTrainerUMambaEncRTHD_StageAwareDecoder_SkipCalibration_150epochs
0.9165764385876884,1.0,0.9683622530056663,1.0,0.9381197865238646,2.0,BraTS20_Training_211.nii.gz,4,0.9410194927057398,1.3333333333333333,nnUNetTrainerUMambaEncRTHD_StageAwareDecoder_SkipCalibration_150epochs
0.9227946572728607,1.0,0.9632740180497877,1.0,0.8630294825078135,13.638181696985855,BraTS20_Training_219.nii.gz,4,0.916366052610154,5.212727232328619,nnUNetTrainerUMambaEncRTHD_StageAwareDecoder_SkipCalibration_150epochs
0.6644277270284793,3.605551275463989,0.7566966541999394,3.4641016151377544,0.6970932207502305,16.73320053068151,BraTS20_Training_227.nii.gz,4,0.7060725339928831,7.934284473761085,nnUNetTrainerUMambaEncRTHD_StageAwareDecoder_SkipCalibration_150epochs
0.9281127924206367,1.0,0.943433517344783,1.0,0.8991950050780797,5.830951894845301,BraTS20_Training_228.nii.gz,4,0.9235804382811664,2.610317298281767,nnUNetTrainerUMambaEncRTHD_StageAwareDecoder_SkipCalibration_150epochs
0.7359040418971998,23.748684174075834,0.7468560520997081,6.164414002968976,0.9290300585260526,2.8284271247461903,BraTS20_Training_232.nii.gz,4,0.8039300508409868,10.913841767263667,nnUNetTrainerUMambaEncRTHD_StageAwareDecoder_SkipCalibration_150epochs
0.5096142069810166,12.041594578792296,0.6865153366343001,12.24744871391589,0.9103753659708971,4.242640687119285,BraTS20_Training_236.nii.gz,4,0.7021683031954046,9.510561326609157,nnUNetTrainerUMambaEncRTHD_StageAwareDecoder_SkipCalibration_150epochs
0.8904376764549434,1.0,0.9570472336724275,1.4142135623730951,0.9408446020837952,2.449489742783178,BraTS20_Training_248.nii.gz,4,0.9294431707370554,1.621234435052091,nnUNetTrainerUMambaEncRTHD_StageAwareDecoder_SkipCalibration_150epochs
0.9013223184829547,2.449489742783178,0.9043858766723669,1.7320508075688772,0.8827393987656779,7.874007874011811,BraTS20_Training_249.nii.gz,4,0.8961491979736665,4.018516141454622,nnUNetTrainerUMambaEncRTHD_StageAwareDecoder_SkipCalibration_150epochs
0.8812747065620629,1.4142135623730951,0.9507596903395906,1.7320508075688772,0.9704361095690749,1.4142135623730951,BraTS20_Training_252.nii.gz,4,0.9341568354902428,1.520159310771689,nnUNetTrainerUMambaEncRTHD_StageAwareDecoder_SkipCalibration_150epochs
0.8027531847575698,2.0,0.9533123629777905,1.4142135623730951,0.959285970619219,1.4142135623730951,BraTS20_Training_253.nii.gz,4,0.9051171727848598,1.60947570824873,nnUNetTrainerUMambaEncRTHD_StageAwareDecoder_SkipCalibration_150epochs
0.8507003643900645,1.4142135623730951,0.9518272952223844,1.7320508075688772,0.9559292078445362,1.7320508075688772,BraTS20_Training_258.nii.gz,4,0.9194856224856617,1.6261050591702833,nnUNetTrainerUMambaEncRTHD_StageAwareDecoder_SkipCalibration_150epochs
0.0,,0.5557713935180452,12.409673645990857,0.906068665377176,2.8284271247461903,BraTS20_Training_262.nii.gz,4,0.4872800196317404,7.619050385368523,nnUNetTrainerUMambaEncRTHD_StageAwareDecoder_SkipCalibration_150epochs
0.0,,0.867502292876796,2.8284271247461903,0.9212897460719339,2.0,BraTS20_Training_264.nii.gz,4,0.59626401298291,2.414213562373095,nnUNetTrainerUMambaEncRTHD_StageAwareDecoder_SkipCalibration_150epochs
0.0,,0.8382027212319375,3.0,0.834528027244514,3.0,BraTS20_Training_268.nii.gz,4,0.5575769161588172,3.0,nnUNetTrainerUMambaEncRTHD_StageAwareDecoder_SkipCalibration_150epochs
0.0,,0.8332529210631201,11.357816691600547,0.8630237322919163,10.04987562112089,BraTS20_Training_279.nii.gz,4,0.5654255511183455,10.703846156360719,nnUNetTrainerUMambaEncRTHD_StageAwareDecoder_SkipCalibration_150epochs
0.7881967213114754,14.699937811024997,0.08215454316637302,19.748417658131498,0.9425848302187647,2.0,BraTS20_Training_280.nii.gz,4,0.6043120315655377,12.149451823052164,nnUNetTrainerUMambaEncRTHD_StageAwareDecoder_SkipCalibration_150epochs
0.0,,0.7568606576768394,4.242640687119285,0.9098080462792533,3.0,BraTS20_Training_286.nii.gz,4,0.5555562346520309,3.6213203435596424,nnUNetTrainerUMambaEncRTHD_StageAwareDecoder_SkipCalibration_150epochs
0.9007838107453328,1.0,0.7233615857970678,10.295630140987,0.9208645409800984,8.48528137423857,BraTS20_Training_288.nii.gz,4,0.848336645840833,6.5936371717418565,nnUNetTrainerUMambaEncRTHD_StageAwareDecoder_SkipCalibration_150epochs
0.019120458891013385,16.792855623746664,0.7674391431353457,5.0,0.9221329930951666,1.4142135623730951,BraTS20_Training_295.nii.gz,4,0.5695641983738419,7.735689728706586,nnUNetTrainerUMambaEncRTHD_StageAwareDecoder_SkipCalibration_150epochs
0.0970873786407767,25.248744817648983,0.7620639231251306,4.47213595499958,0.9158128256719806,2.23606797749979,BraTS20_Training_298.nii.gz,4,0.5916547091459626,10.65231625004945,nnUNetTrainerUMambaEncRTHD_StageAwareDecoder_SkipCalibration_150epochs
0.44418331374853115,8.366600265340756,0.6910516002612671,14.7648230602334,0.8665056818181818,7.681145747868608,BraTS20_Training_303.nii.gz,4,0.6672468652759933,10.270856357814255,nnUNetTrainerUMambaEncRTHD_StageAwareDecoder_SkipCalibration_150epochs
0.0,,0.8459354192958789,5.830951894845301,0.9280997842695557,3.0,BraTS20_Training_310.nii.gz,4,0.5913450678551448,4.41547594742265,nnUNetTrainerUMambaEncRTHD_StageAwareDecoder_SkipCalibration_150epochs
0.651017214397496,9.695359714832659,0.7587207880102416,8.54400374531753,0.9159479820016362,3.7416573867739413,BraTS20_Training_316.nii.gz,4,0.7752286614697913,7.32700694897471,nnUNetTrainerUMambaEncRTHD_StageAwareDecoder_SkipCalibration_150epochs
0.0,,0.6763329615527608,12.529964086141668,0.9280372601068733,2.23606797749979,BraTS20_Training_324.nii.gz,4,0.5347900738865446,7.383016031820729,nnUNetTrainerUMambaEncRTHD_StageAwareDecoder_SkipCalibration_150epochs
0.0,,0.8916032953105196,3.605551275463989,0.9631895508243176,1.4142135623730951,BraTS20_Training_330.nii.gz,4,0.6182642820449458,2.5098824189185422,nnUNetTrainerUMambaEncRTHD_StageAwareDecoder_SkipCalibration_150epochs
0.8913217623497998,1.0,0.8434343434343434,2.0,0.9541079554104572,1.4142135623730951,BraTS20_Training_332.nii.gz,4,0.8962880203982001,1.4714045207910318,nnUNetTrainerUMambaEncRTHD_StageAwareDecoder_SkipCalibration_150epochs
0.9085698371200891,1.4142135623730951,0.9666771425578317,2.0,0.9703757696769272,1.4142135623730951,BraTS20_Training_349.nii.gz,4,0.948540916451616,1.60947570824873,nnUNetTrainerUMambaEncRTHD_StageAwareDecoder_SkipCalibration_150epochs
0.9489587245941321,1.0,0.9203969883641342,2.449489742783178,0.9665349538380869,1.0,BraTS20_Training_358.nii.gz,4,0.9452968889321177,1.4831632475943926,nnUNetTrainerUMambaEncRTHD_StageAwareDecoder_SkipCalibration_150epochs
0.9381899560766237,1.0,0.9811225615328858,1.0,0.9687682626836461,1.4142135623730951,BraTS20_Training_365.nii.gz,4,0.9626935934310519,1.1380711874576983,nnUNetTrainerUMambaEncRTHD_StageAwareDecoder_SkipCalibration_150epochs
0.9143058954113166,3.1622776601683795,0.9311815369178025,4.242640687119285,0.9484575711951821,2.0,BraTS20_Training_366.nii.gz,4,0.9313150011747671,3.1349727824292213,nnUNetTrainerUMambaEncRTHD_StageAwareDecoder_SkipCalibration_150epochs
