model,fold,case,region,gt_voxels,pred_voxels,mask_status,hd95_status,hd95_mm
SegMamba_150epochs,0,BraTS20_Training_011.nii.gz,WT,55130,,both_nonempty,finite,4.242640687119285
SegMamba_150epochs,0,BraTS20_Training_011.nii.gz,TC,10377,,both_nonempty,finite,1.4142135623730951
SegMamba_150epochs,0,BraTS20_Training_011.nii.gz,ET,5774,,both_nonempty,finite,1.4142135623730951
SegMamba_150epochs,0,BraTS20_Training_012.nii.gz,WT,32051,,both_nonempty,finite,17.916472867168917
SegMamba_150epochs,0,BraTS20_Training_012.nii.gz,TC,8280,,both_nonempty,finite,1.0
SegMamba_150epochs,0,BraTS20_Training_012.nii.gz,ET,5973,,both_nonempty,finite,1.0
SegMamba_150epochs,0,BraTS20_Training_019.nii.gz,WT,43797,,both_nonempty,finite,5.0
SegMamba_150epochs,0,BraTS20_Training_019.nii.gz,TC,20547,,both_nonempty,finite,1.7320508075688772
SegMamba_150epochs,0,BraTS20_Training_019.nii.gz,ET,9813,,both_nonempty,finite,1.4142135623730951
SegMamba_150epochs,0,BraTS20_Training_020.nii.gz,WT,175675,,both_nonempty,finite,3.4641016151377544
SegMamba_150epochs,0,BraTS20_Training_020.nii.gz,TC,118709,,both_nonempty,finite,5.0990195135927845
SegMamba_150epochs,0,BraTS20_Training_020.nii.gz,ET,27410,,both_nonempty,finite,1.4142135623730951
SegMamba_150epochs,0,BraTS20_Training_021.nii.gz,WT,36858,,both_nonempty,finite,5.916079783099616
SegMamba_150epochs,0,BraTS20_Training_021.nii.gz,TC,5669,,both_nonempty,finite,1.0
SegMamba_150epochs,0,BraTS20_Training_021.nii.gz,ET,3003,,both_nonempty,finite,2.23606797749979
SegMamba_150epochs,0,BraTS20_Training_023.nii.gz,WT,41124,,both_nonempty,finite,1.4142135623730951
SegMamba_150epochs,0,BraTS20_Training_023.nii.gz,TC,17526,,both_nonempty,finite,1.4142135623730951
SegMamba_150epochs,0,BraTS20_Training_023.nii.gz,ET,10937,,both_nonempty,finite,1.0
SegMamba_150epochs,0,BraTS20_Training_028.nii.gz,WT,20935,,both_nonempty,finite,4.123105625617661
SegMamba_150epochs,0,BraTS20_Training_028.nii.gz,TC,15027,,both_nonempty,finite,2.449489742783178
SegMamba_150epochs,0,BraTS20_Training_028.nii.gz,ET,9281,,both_nonempty,finite,2.0
SegMamba_150epochs,0,BraTS20_Training_029.nii.gz,WT,62354,,both_nonempty,finite,1.0
SegMamba_150epochs,0,BraTS20_Training_029.nii.gz,TC,7394,,both_nonempty,finite,1.0
SegMamba_150epochs,0,BraTS20_Training_029.nii.gz,ET,5701,,both_nonempty,finite,1.0
SegMamba_150epochs,0,BraTS20_Training_032.nii.gz,WT,26500,,both_nonempty,finite,2.8284271247461903
SegMamba_150epochs,0,BraTS20_Training_032.nii.gz,TC,17430,,both_nonempty,finite,2.23606797749979
SegMamba_150epochs,0,BraTS20_Training_032.nii.gz,ET,9563,,both_nonempty,finite,1.0
SegMamba_150epochs,0,BraTS20_Training_036.nii.gz,WT,14830,,both_nonempty,finite,1.7320508075688772
SegMamba_150epochs,0,BraTS20_Training_036.nii.gz,TC,5751,,both_nonempty,finite,1.4142135623730951
SegMamba_150epochs,0,BraTS20_Training_036.nii.gz,ET,5166,,both_nonempty,finite,1.4142135623730951
SegMamba_150epochs,0,BraTS20_Training_039.nii.gz,WT,51853,,both_nonempty,finite,2.23606797749979
SegMamba_150epochs,0,BraTS20_Training_039.nii.gz,TC,19018,,both_nonempty,finite,1.7320508075688772
SegMamba_150epochs,0,BraTS20_Training_039.nii.gz,ET,12826,,both_nonempty,finite,1.4142135623730951
SegMamba_150epochs,0,BraTS20_Training_041.nii.gz,WT,101416,,both_nonempty,finite,1.4142135623730951
SegMamba_150epochs,0,BraTS20_Training_041.nii.gz,TC,34327,,both_nonempty,finite,3.0
SegMamba_150epochs,0,BraTS20_Training_041.nii.gz,ET,15158,,both_nonempty,finite,1.4142135623730951
SegMamba_150epochs,0,BraTS20_Training_042.nii.gz,WT,75949,,both_nonempty,finite,1.0
SegMamba_150epochs,0,BraTS20_Training_042.nii.gz,TC,40795,,both_nonempty,finite,1.0
SegMamba_150epochs,0,BraTS20_Training_042.nii.gz,ET,20908,,both_nonempty,finite,1.0
SegMamba_150epochs,0,BraTS20_Training_049.nii.gz,WT,83418,,both_nonempty,finite,2.23606797749979
SegMamba_150epochs,0,BraTS20_Training_049.nii.gz,TC,7635,,both_nonempty,finite,1.0
SegMamba_150epochs,0,BraTS20_Training_049.nii.gz,ET,6047,,both_nonempty,finite,1.4142135623730951
SegMamba_150epochs,0,BraTS20_Training_051.nii.gz,WT,121570,,both_nonempty,finite,1.4142135623730951
SegMamba_150epochs,0,BraTS20_Training_051.nii.gz,TC,17554,,both_nonempty,finite,1.0
SegMamba_150epochs,0,BraTS20_Training_051.nii.gz,ET,13105,,both_nonempty,finite,1.0
SegMamba_150epochs,0,BraTS20_Training_053.nii.gz,WT,149897,,both_nonempty,finite,1.4142135623730951
SegMamba_150epochs,0,BraTS20_Training_053.nii.gz,TC,21470,,both_nonempty,finite,3.7416573867739413
SegMamba_150epochs,0,BraTS20_Training_053.nii.gz,ET,9075,,both_nonempty,finite,1.0
SegMamba_150epochs,0,BraTS20_Training_056.nii.gz,WT,55364,,both_nonempty,finite,4.47213595499958
SegMamba_150epochs,0,BraTS20_Training_056.nii.gz,TC,34000,,both_nonempty,finite,2.0
SegMamba_150epochs,0,BraTS20_Training_056.nii.gz,ET,25128,,both_nonempty,finite,1.4142135623730951
SegMamba_150epochs,0,BraTS20_Training_069.nii.gz,WT,160010,,both_nonempty,finite,19.4164878389476
SegMamba_150epochs,0,BraTS20_Training_069.nii.gz,TC,34929,,both_nonempty,finite,2.0
SegMamba_150epochs,0,BraTS20_Training_069.nii.gz,ET,15631,,both_nonempty,finite,1.0
SegMamba_150epochs,0,BraTS20_Training_074.nii.gz,WT,76789,,both_nonempty,finite,6.708203932499369
SegMamba_150epochs,0,BraTS20_Training_074.nii.gz,TC,38451,,both_nonempty,finite,29.939933166085485
SegMamba_150epochs,0,BraTS20_Training_074.nii.gz,ET,22496,,both_nonempty,finite,6.164414002968976
SegMamba_150epochs,0,BraTS20_Training_086.nii.gz,WT,20752,,both_nonempty,finite,80.90735442467513
SegMamba_150epochs,0,BraTS20_Training_086.nii.gz,TC,561,,both_nonempty,finite,110.54049000823285
SegMamba_150epochs,0,BraTS20_Training_086.nii.gz,ET,106,,both_nonempty,finite,111.82776933772836
SegMamba_150epochs,0,BraTS20_Training_088.nii.gz,WT,30654,,both_nonempty,finite,4.358898943540674
SegMamba_150epochs,0,BraTS20_Training_088.nii.gz,TC,11929,,both_nonempty,finite,1.7320508075688772
SegMamba_150epochs,0,BraTS20_Training_088.nii.gz,ET,9619,,both_nonempty,finite,1.4142135623730951
SegMamba_150epochs,0,BraTS20_Training_089.nii.gz,WT,130343,,both_nonempty,finite,20.346989949375804
SegMamba_150epochs,0,BraTS20_Training_089.nii.gz,TC,18690,,both_nonempty,finite,1.0
SegMamba_150epochs,0,BraTS20_Training_089.nii.gz,ET,18581,,both_nonempty,finite,1.0
SegMamba_150epochs,0,BraTS20_Training_098.nii.gz,WT,144026,,both_nonempty,finite,1.0
SegMamba_150epochs,0,BraTS20_Training_098.nii.gz,TC,37243,,both_nonempty,finite,1.0
SegMamba_150epochs,0,BraTS20_Training_098.nii.gz,ET,22052,,both_nonempty,finite,1.0
SegMamba_150epochs,0,BraTS20_Training_100.nii.gz,WT,135252,,both_nonempty,finite,1.0
SegMamba_150epochs,0,BraTS20_Training_100.nii.gz,TC,77199,,both_nonempty,finite,2.23606797749979
SegMamba_150epochs,0,BraTS20_Training_100.nii.gz,ET,30015,,both_nonempty,finite,1.0
SegMamba_150epochs,0,BraTS20_Training_101.nii.gz,WT,71751,,both_nonempty,finite,3.605551275463989
SegMamba_150epochs,0,BraTS20_Training_101.nii.gz,TC,18923,,both_nonempty,finite,3.1622776601683795
SegMamba_150epochs,0,BraTS20_Training_101.nii.gz,ET,13927,,both_nonempty,finite,1.4142135623730951
SegMamba_150epochs,0,BraTS20_Training_104.nii.gz,WT,169685,,both_nonempty,finite,1.4142135623730951
SegMamba_150epochs,0,BraTS20_Training_104.nii.gz,TC,58801,,both_nonempty,finite,2.23606797749979
SegMamba_150epochs,0,BraTS20_Training_104.nii.gz,ET,35912,,both_nonempty,finite,1.0
SegMamba_150epochs,0,BraTS20_Training_107.nii.gz,WT,34311,,both_nonempty,finite,1.4142135623730951
SegMamba_150epochs,0,BraTS20_Training_107.nii.gz,TC,10136,,both_nonempty,finite,2.0
SegMamba_150epochs,0,BraTS20_Training_107.nii.gz,ET,9541,,both_nonempty,finite,1.0
SegMamba_150epochs,0,BraTS20_Training_111.nii.gz,WT,43342,,both_nonempty,finite,1.0
SegMamba_150epochs,0,BraTS20_Training_111.nii.gz,TC,25950,,both_nonempty,finite,1.0
SegMamba_150epochs,0,BraTS20_Training_111.nii.gz,ET,17570,,both_nonempty,finite,1.0
SegMamba_150epochs,0,BraTS20_Training_113.nii.gz,WT,125680,,both_nonempty,finite,9.539392014169456
SegMamba_150epochs,0,BraTS20_Training_113.nii.gz,TC,6597,,both_nonempty,finite,7.3484692283495345
SegMamba_150epochs,0,BraTS20_Training_113.nii.gz,ET,4251,,both_nonempty,finite,12.68857754044952
SegMamba_150epochs,0,BraTS20_Training_114.nii.gz,WT,103304,,both_nonempty,finite,29.732137494637012
SegMamba_150epochs,0,BraTS20_Training_114.nii.gz,TC,51956,,both_nonempty,finite,1.0
SegMamba_150epochs,0,BraTS20_Training_114.nii.gz,ET,24144,,both_nonempty,finite,1.0
SegMamba_150epochs,0,BraTS20_Training_116.nii.gz,WT,87535,,both_nonempty,finite,1.0
SegMamba_150epochs,0,BraTS20_Training_116.nii.gz,TC,37144,,both_nonempty,finite,1.0
SegMamba_150epochs,0,BraTS20_Training_116.nii.gz,ET,20640,,both_nonempty,finite,1.0
SegMamba_150epochs,0,BraTS20_Training_131.nii.gz,WT,63061,,both_nonempty,finite,2.0
SegMamba_150epochs,0,BraTS20_Training_131.nii.gz,TC,9325,,both_nonempty,finite,1.4142135623730951
SegMamba_150epochs,0,BraTS20_Training_131.nii.gz,ET,8219,,both_nonempty,finite,1.0
SegMamba_150epochs,0,BraTS20_Training_137.nii.gz,WT,187570,,both_nonempty,finite,2.0
SegMamba_150epochs,0,BraTS20_Training_137.nii.gz,TC,57699,,both_nonempty,finite,2.0
SegMamba_150epochs,0,BraTS20_Training_137.nii.gz,ET,36577,,both_nonempty,finite,1.4142135623730951
SegMamba_150epochs,0,BraTS20_Training_138.nii.gz,WT,210327,,both_nonempty,finite,4.0
SegMamba_150epochs,0,BraTS20_Training_138.nii.gz,TC,76709,,both_nonempty,finite,9.9498743710662
SegMamba_150epochs,0,BraTS20_Training_138.nii.gz,ET,42366,,both_nonempty,finite,1.4142135623730951
SegMamba_150epochs,0,BraTS20_Training_145.nii.gz,WT,82735,,both_nonempty,finite,2.0
SegMamba_150epochs,0,BraTS20_Training_145.nii.gz,TC,32164,,both_nonempty,finite,3.605551275463989
SegMamba_150epochs,0,BraTS20_Training_145.nii.gz,ET,20437,,both_nonempty,finite,1.7320508075688772
SegMamba_150epochs,0,BraTS20_Training_150.nii.gz,WT,149302,,both_nonempty,finite,1.4142135623730951
SegMamba_150epochs,0,BraTS20_Training_150.nii.gz,TC,52144,,both_nonempty,finite,1.4142135623730951
SegMamba_150epochs,0,BraTS20_Training_150.nii.gz,ET,46595,,both_nonempty,finite,1.0
SegMamba_150epochs,0,BraTS20_Training_155.nii.gz,WT,144602,,both_nonempty,finite,1.0
SegMamba_150epochs,0,BraTS20_Training_155.nii.gz,TC,41141,,both_nonempty,finite,3.0
SegMamba_150epochs,0,BraTS20_Training_155.nii.gz,ET,29312,,both_nonempty,finite,1.0
SegMamba_150epochs,0,BraTS20_Training_162.nii.gz,WT,107328,,both_nonempty,finite,1.4142135623730951
SegMamba_150epochs,0,BraTS20_Training_162.nii.gz,TC,41675,,both_nonempty,finite,1.0
SegMamba_150epochs,0,BraTS20_Training_162.nii.gz,ET,34538,,both_nonempty,finite,1.0
SegMamba_150epochs,0,BraTS20_Training_165.nii.gz,WT,143759,,both_nonempty,finite,1.4142135623730951
SegMamba_150epochs,0,BraTS20_Training_165.nii.gz,TC,39933,,both_nonempty,finite,1.4142135623730951
SegMamba_150epochs,0,BraTS20_Training_165.nii.gz,ET,35721,,both_nonempty,finite,1.4142135623730951
SegMamba_150epochs,0,BraTS20_Training_174.nii.gz,WT,95391,,both_nonempty,finite,1.0
SegMamba_150epochs,0,BraTS20_Training_174.nii.gz,TC,28513,,both_nonempty,finite,1.0
SegMamba_150epochs,0,BraTS20_Training_174.nii.gz,ET,25236,,both_nonempty,finite,1.4142135623730951
SegMamba_150epochs,0,BraTS20_Training_175.nii.gz,WT,186689,,both_nonempty,finite,2.0
SegMamba_150epochs,0,BraTS20_Training_175.nii.gz,TC,95022,,both_nonempty,finite,4.358898943540674
SegMamba_150epochs,0,BraTS20_Training_175.nii.gz,ET,79009,,both_nonempty,finite,2.23606797749979
SegMamba_150epochs,0,BraTS20_Training_176.nii.gz,WT,105852,,both_nonempty,finite,1.7320508075688772
SegMamba_150epochs,0,BraTS20_Training_176.nii.gz,TC,46728,,both_nonempty,finite,4.123105625617661
SegMamba_150epochs,0,BraTS20_Training_176.nii.gz,ET,3852,,both_nonempty,finite,1.0
SegMamba_150epochs,0,BraTS20_Training_183.nii.gz,WT,186261,,both_nonempty,finite,1.0
SegMamba_150epochs,0,BraTS20_Training_183.nii.gz,TC,56943,,both_nonempty,finite,1.0
SegMamba_150epochs,0,BraTS20_Training_183.nii.gz,ET,49748,,both_nonempty,finite,1.0
SegMamba_150epochs,0,BraTS20_Training_185.nii.gz,WT,88649,,both_nonempty,finite,1.4142135623730951
SegMamba_150epochs,0,BraTS20_Training_185.nii.gz,TC,50042,,both_nonempty,finite,1.4142135623730951
SegMamba_150epochs,0,BraTS20_Training_185.nii.gz,ET,31255,,both_nonempty,finite,1.0
SegMamba_150epochs,0,BraTS20_Training_187.nii.gz,WT,91560,,both_nonempty,finite,1.4142135623730951
SegMamba_150epochs,0,BraTS20_Training_187.nii.gz,TC,56625,,both_nonempty,finite,2.0
SegMamba_150epochs,0,BraTS20_Training_187.nii.gz,ET,39514,,both_nonempty,finite,2.23606797749979
SegMamba_150epochs,0,BraTS20_Training_192.nii.gz,WT,110151,,both_nonempty,finite,1.0
SegMamba_150epochs,0,BraTS20_Training_192.nii.gz,TC,37263,,both_nonempty,finite,1.0
SegMamba_150epochs,0,BraTS20_Training_192.nii.gz,ET,19875,,both_nonempty,finite,1.0
SegMamba_150epochs,0,BraTS20_Training_197.nii.gz,WT,131589,,both_nonempty,finite,1.4142135623730951
SegMamba_150epochs,0,BraTS20_Training_197.nii.gz,TC,72106,,both_nonempty,finite,2.449489742783178
SegMamba_150epochs,0,BraTS20_Training_197.nii.gz,ET,54064,,both_nonempty,finite,1.7320508075688772
SegMamba_150epochs,0,BraTS20_Training_203.nii.gz,WT,89516,,both_nonempty,finite,5.0
SegMamba_150epochs,0,BraTS20_Training_203.nii.gz,TC,13311,,both_nonempty,finite,1.4142135623730951
SegMamba_150epochs,0,BraTS20_Training_203.nii.gz,ET,9371,,both_nonempty,finite,1.0
SegMamba_150epochs,0,BraTS20_Training_204.nii.gz,WT,19075,,both_nonempty,finite,3.6736043311189652
SegMamba_150epochs,0,BraTS20_Training_204.nii.gz,TC,9318,,both_nonempty,finite,1.4142135623730951
SegMamba_150epochs,0,BraTS20_Training_204.nii.gz,ET,8858,,both_nonempty,finite,1.0
SegMamba_150epochs,0,BraTS20_Training_205.nii.gz,WT,31109,,both_nonempty,finite,1.0
SegMamba_150epochs,0,BraTS20_Training_205.nii.gz,TC,4782,,both_nonempty,finite,1.0
SegMamba_150epochs,0,BraTS20_Training_205.nii.gz,ET,4439,,both_nonempty,finite,1.0
SegMamba_150epochs,0,BraTS20_Training_207.nii.gz,WT,59206,,both_nonempty,finite,3.0
SegMamba_150epochs,0,BraTS20_Training_207.nii.gz,TC,27493,,both_nonempty,finite,3.0
SegMamba_150epochs,0,BraTS20_Training_207.nii.gz,ET,25463,,both_nonempty,finite,3.1622776601683795
SegMamba_150epochs,0,BraTS20_Training_208.nii.gz,WT,166140,,both_nonempty,finite,1.7320508075688772
SegMamba_150epochs,0,BraTS20_Training_208.nii.gz,TC,67394,,both_nonempty,finite,2.449489742783178
SegMamba_150epochs,0,BraTS20_Training_208.nii.gz,ET,36506,,both_nonempty,finite,1.4142135623730951
SegMamba_150epochs,0,BraTS20_Training_210.nii.gz,WT,175646,,both_nonempty,finite,3.0
SegMamba_150epochs,0,BraTS20_Training_210.nii.gz,TC,63343,,both_nonempty,finite,2.449489742783178
SegMamba_150epochs,0,BraTS20_Training_210.nii.gz,ET,47361,,both_nonempty,finite,1.7320508075688772
SegMamba_150epochs,0,BraTS20_Training_216.nii.gz,WT,60356,,both_nonempty,finite,4.242640687119285
SegMamba_150epochs,0,BraTS20_Training_216.nii.gz,TC,39093,,both_nonempty,finite,2.23606797749979
SegMamba_150epochs,0,BraTS20_Training_216.nii.gz,ET,17097,,both_nonempty,finite,2.0
SegMamba_150epochs,0,BraTS20_Training_220.nii.gz,WT,117937,,both_nonempty,finite,3.605551275463989
SegMamba_150epochs,0,BraTS20_Training_220.nii.gz,TC,27550,,both_nonempty,finite,4.123105625617661
SegMamba_150epochs,0,BraTS20_Training_220.nii.gz,ET,18666,,both_nonempty,finite,2.449489742783178
SegMamba_150epochs,0,BraTS20_Training_223.nii.gz,WT,159632,,both_nonempty,finite,1.0
SegMamba_150epochs,0,BraTS20_Training_223.nii.gz,TC,32983,,both_nonempty,finite,1.0
SegMamba_150epochs,0,BraTS20_Training_223.nii.gz,ET,30477,,both_nonempty,finite,1.0
SegMamba_150epochs,0,BraTS20_Training_224.nii.gz,WT,148030,,both_nonempty,finite,1.0
SegMamba_150epochs,0,BraTS20_Training_224.nii.gz,TC,93742,,both_nonempty,finite,1.7320508075688772
SegMamba_150epochs,0,BraTS20_Training_224.nii.gz,ET,58416,,both_nonempty,finite,1.0
SegMamba_150epochs,0,BraTS20_Training_226.nii.gz,WT,69628,,both_nonempty,finite,1.7320508075688772
SegMamba_150epochs,0,BraTS20_Training_226.nii.gz,TC,48390,,both_nonempty,finite,2.23606797749979
SegMamba_150epochs,0,BraTS20_Training_226.nii.gz,ET,40616,,both_nonempty,finite,1.4142135623730951
SegMamba_150epochs,0,BraTS20_Training_230.nii.gz,WT,90740,,both_nonempty,finite,1.0
SegMamba_150epochs,0,BraTS20_Training_230.nii.gz,TC,15664,,both_nonempty,finite,1.0
SegMamba_150epochs,0,BraTS20_Training_230.nii.gz,ET,15090,,both_nonempty,finite,1.0
SegMamba_150epochs,0,BraTS20_Training_240.nii.gz,WT,168746,,both_nonempty,finite,3.3166247903554
SegMamba_150epochs,0,BraTS20_Training_240.nii.gz,TC,37504,,both_nonempty,finite,5.0990195135927845
SegMamba_150epochs,0,BraTS20_Training_240.nii.gz,ET,5899,,both_nonempty,finite,3.0
SegMamba_150epochs,0,BraTS20_Training_245.nii.gz,WT,156762,,both_nonempty,finite,5.0
SegMamba_150epochs,0,BraTS20_Training_245.nii.gz,TC,77250,,both_nonempty,finite,3.3166247903554
SegMamba_150epochs,0,BraTS20_Training_245.nii.gz,ET,69134,,both_nonempty,finite,4.123105625617661
SegMamba_150epochs,0,BraTS20_Training_251.nii.gz,WT,82921,,both_nonempty,finite,1.4142135623730951
SegMamba_150epochs,0,BraTS20_Training_251.nii.gz,TC,20900,,both_nonempty,finite,1.0
SegMamba_150epochs,0,BraTS20_Training_251.nii.gz,ET,17626,,both_nonempty,finite,1.0
SegMamba_150epochs,0,BraTS20_Training_259.nii.gz,WT,119314,,both_nonempty,finite,1.7320508075688772
SegMamba_150epochs,0,BraTS20_Training_259.nii.gz,TC,13550,,both_nonempty,finite,21.77154105707724
SegMamba_150epochs,0,BraTS20_Training_259.nii.gz,ET,10957,,both_nonempty,finite,1.4142135623730951
SegMamba_150epochs,0,BraTS20_Training_284.nii.gz,WT,196181,,both_nonempty,finite,6.4031242374328485
SegMamba_150epochs,0,BraTS20_Training_284.nii.gz,TC,141724,,both_nonempty,finite,4.123105625617661
SegMamba_150epochs,0,BraTS20_Training_284.nii.gz,ET,3562,,both_nonempty,finite,6.164414002968976
SegMamba_150epochs,0,BraTS20_Training_287.nii.gz,WT,49010,,both_nonempty,finite,1.0
SegMamba_150epochs,0,BraTS20_Training_287.nii.gz,TC,29511,,both_nonempty,finite,3.0
SegMamba_150epochs,0,BraTS20_Training_287.nii.gz,ET,27264,,both_nonempty,finite,3.7416573867739413
SegMamba_150epochs,0,BraTS20_Training_297.nii.gz,WT,74866,,both_nonempty,finite,8.246211251235321
SegMamba_150epochs,0,BraTS20_Training_297.nii.gz,TC,24514,,both_nonempty,finite,12.041594578792296
SegMamba_150epochs,0,BraTS20_Training_297.nii.gz,ET,0,,both_empty,nan,
SegMamba_150epochs,0,BraTS20_Training_302.nii.gz,WT,115617,,both_nonempty,finite,4.898979485566356
SegMamba_150epochs,0,BraTS20_Training_302.nii.gz,TC,102423,,both_nonempty,finite,5.0990195135927845
SegMamba_150epochs,0,BraTS20_Training_302.nii.gz,ET,2162,,both_nonempty,finite,1.4142135623730951
SegMamba_150epochs,0,BraTS20_Training_305.nii.gz,WT,125421,,both_nonempty,finite,2.23606797749979
SegMamba_150epochs,0,BraTS20_Training_305.nii.gz,TC,71627,,both_nonempty,finite,4.358898943540674
SegMamba_150epochs,0,BraTS20_Training_305.nii.gz,ET,0,,gt_empty_pred_nonempty,inf,
SegMamba_150epochs,0,BraTS20_Training_329.nii.gz,WT,62935,,both_nonempty,finite,2.8284271247461903
SegMamba_150epochs,0,BraTS20_Training_329.nii.gz,TC,45782,,both_nonempty,finite,10.44030650891055
SegMamba_150epochs,0,BraTS20_Training_329.nii.gz,ET,0,,gt_empty_pred_nonempty,inf,
SegMamba_150epochs,0,BraTS20_Training_331.nii.gz,WT,49858,,both_nonempty,finite,2.8284271247461903
SegMamba_150epochs,0,BraTS20_Training_331.nii.gz,TC,10778,,both_nonempty,finite,11.40175425099138
SegMamba_150epochs,0,BraTS20_Training_331.nii.gz,ET,2093,,both_nonempty,finite,2.449489742783178
SegMamba_150epochs,0,BraTS20_Training_342.nii.gz,WT,150203,,both_nonempty,finite,3.0
SegMamba_150epochs,0,BraTS20_Training_342.nii.gz,TC,111871,,both_nonempty,finite,7.211102550927978
SegMamba_150epochs,0,BraTS20_Training_342.nii.gz,ET,57055,,both_nonempty,finite,1.4142135623730951
SegMamba_150epochs,0,BraTS20_Training_353.nii.gz,WT,46538,,both_nonempty,finite,1.0
SegMamba_150epochs,0,BraTS20_Training_353.nii.gz,TC,14715,,both_nonempty,finite,1.0
SegMamba_150epochs,0,BraTS20_Training_353.nii.gz,ET,9120,,both_nonempty,finite,1.0
SegMamba_150epochs,0,BraTS20_Training_360.nii.gz,WT,98512,,both_nonempty,finite,1.7320508075688772
SegMamba_150epochs,0,BraTS20_Training_360.nii.gz,TC,56523,,both_nonempty,finite,1.4142135623730951
SegMamba_150epochs,0,BraTS20_Training_360.nii.gz,ET,43764,,both_nonempty,finite,1.0
SegMamba_150epochs,0,BraTS20_Training_368.nii.gz,WT,83463,,both_nonempty,finite,1.0
SegMamba_150epochs,0,BraTS20_Training_368.nii.gz,TC,17989,,both_nonempty,finite,1.4142135623730951
SegMamba_150epochs,0,BraTS20_Training_368.nii.gz,ET,16658,,both_nonempty,finite,1.0
SegMamba_150epochs,1,BraTS20_Training_004.nii.gz,WT,103496,,both_nonempty,finite,1.4142135623730951
SegMamba_150epochs,1,BraTS20_Training_004.nii.gz,TC,26400,,both_nonempty,finite,2.449489742783178
SegMamba_150epochs,1,BraTS20_Training_004.nii.gz,ET,15498,,both_nonempty,finite,1.0
SegMamba_150epochs,1,BraTS20_Training_005.nii.gz,WT,21963,,both_nonempty,finite,5.744562646538029
SegMamba_150epochs,1,BraTS20_Training_005.nii.gz,TC,14410,,both_nonempty,finite,2.449489742783178
SegMamba_150epochs,1,BraTS20_Training_005.nii.gz,ET,10786,,both_nonempty,finite,1.4142135623730951
SegMamba_150epochs,1,BraTS20_Training_009.nii.gz,WT,183094,,both_nonempty,finite,4.242640687119285
SegMamba_150epochs,1,BraTS20_Training_009.nii.gz,TC,76260,,both_nonempty,finite,5.744562646538029
SegMamba_150epochs,1,BraTS20_Training_009.nii.gz,ET,50901,,both_nonempty,finite,3.0
SegMamba_150epochs,1,BraTS20_Training_015.nii.gz,WT,125287,,both_nonempty,finite,2.23606797749979
SegMamba_150epochs,1,BraTS20_Training_015.nii.gz,TC,17677,,both_nonempty,finite,6.782329983125268
SegMamba_150epochs,1,BraTS20_Training_015.nii.gz,ET,9002,,both_nonempty,finite,1.0
SegMamba_150epochs,1,BraTS20_Training_017.nii.gz,WT,100758,,both_nonempty,finite,1.4142135623730951
SegMamba_150epochs,1,BraTS20_Training_017.nii.gz,TC,14713,,both_nonempty,finite,3.7416573867739413
SegMamba_150epochs,1,BraTS20_Training_017.nii.gz,ET,7222,,both_nonempty,finite,1.0
SegMamba_150epochs,1,BraTS20_Training_022.nii.gz,WT,68118,,both_nonempty,finite,1.4142135623730951
SegMamba_150epochs,1,BraTS20_Training_022.nii.gz,TC,30637,,both_nonempty,finite,2.0
SegMamba_150epochs,1,BraTS20_Training_022.nii.gz,ET,18221,,both_nonempty,finite,1.0
SegMamba_150epochs,1,BraTS20_Training_031.nii.gz,WT,87609,,both_nonempty,finite,3.0
SegMamba_150epochs,1,BraTS20_Training_031.nii.gz,TC,28727,,both_nonempty,finite,1.4142135623730951
SegMamba_150epochs,1,BraTS20_Training_031.nii.gz,ET,22108,,both_nonempty,finite,1.0
SegMamba_150epochs,1,BraTS20_Training_034.nii.gz,WT,91573,,both_nonempty,finite,1.4142135623730951
SegMamba_150epochs,1,BraTS20_Training_034.nii.gz,TC,44985,,both_nonempty,finite,2.23606797749979
SegMamba_150epochs,1,BraTS20_Training_034.nii.gz,ET,24430,,both_nonempty,finite,1.7320508075688772
SegMamba_150epochs,1,BraTS20_Training_043.nii.gz,WT,37429,,both_nonempty,finite,6.723029142624333
SegMamba_150epochs,1,BraTS20_Training_043.nii.gz,TC,7706,,both_nonempty,finite,2.23606797749979
SegMamba_150epochs,1,BraTS20_Training_043.nii.gz,ET,2624,,both_nonempty,finite,2.23606797749979
SegMamba_150epochs,1,BraTS20_Training_046.nii.gz,WT,36342,,both_nonempty,finite,12.68857754044952
SegMamba_150epochs,1,BraTS20_Training_046.nii.gz,TC,1520,,both_nonempty,finite,11.045361017187261
SegMamba_150epochs,1,BraTS20_Training_046.nii.gz,ET,1357,,both_nonempty,finite,11.180339887498949
SegMamba_150epochs,1,BraTS20_Training_047.nii.gz,WT,132682,,both_nonempty,finite,5.744562646538029
SegMamba_150epochs,1,BraTS20_Training_047.nii.gz,TC,62246,,both_nonempty,finite,1.4142135623730951
SegMamba_150epochs,1,BraTS20_Training_047.nii.gz,ET,32001,,both_nonempty,finite,1.0
SegMamba_150epochs,1,BraTS20_Training_048.nii.gz,WT,29239,,both_nonempty,finite,15.684387141358123
SegMamba_150epochs,1,BraTS20_Training_048.nii.gz,TC,3461,,both_nonempty,finite,1.4142135623730951
SegMamba_150epochs,1,BraTS20_Training_048.nii.gz,ET,2041,,both_nonempty,finite,1.4142135623730951
SegMamba_150epochs,1,BraTS20_Training_054.nii.gz,WT,80574,,both_nonempty,finite,2.23606797749979
SegMamba_150epochs,1,BraTS20_Training_054.nii.gz,TC,37646,,both_nonempty,finite,1.4142135623730951
SegMamba_150epochs,1,BraTS20_Training_054.nii.gz,ET,30995,,both_nonempty,finite,1.0
SegMamba_150epochs,1,BraTS20_Training_055.nii.gz,WT,118394,,both_nonempty,finite,2.23606797749979
SegMamba_150epochs,1,BraTS20_Training_055.nii.gz,TC,15167,,both_nonempty,finite,1.0
SegMamba_150epochs,1,BraTS20_Training_055.nii.gz,ET,8577,,both_nonempty,finite,1.0
SegMamba_150epochs,1,BraTS20_Training_058.nii.gz,WT,91646,,both_nonempty,finite,12.083045973594572
SegMamba_150epochs,1,BraTS20_Training_058.nii.gz,TC,17190,,both_nonempty,finite,4.123105625617661
SegMamba_150epochs,1,BraTS20_Training_058.nii.gz,ET,6708,,both_nonempty,finite,5.309559853363424
SegMamba_150epochs,1,BraTS20_Training_068.nii.gz,WT,63159,,both_nonempty,finite,1.7320508075688772
SegMamba_150epochs,1,BraTS20_Training_068.nii.gz,TC,34016,,both_nonempty,finite,3.0
SegMamba_150epochs,1,BraTS20_Training_068.nii.gz,ET,14186,,both_nonempty,finite,1.0
SegMamba_150epochs,1,BraTS20_Training_072.nii.gz,WT,89189,,both_nonempty,finite,6.708203932499369
SegMamba_150epochs,1,BraTS20_Training_072.nii.gz,TC,48415,,both_nonempty,finite,2.8284271247461903
SegMamba_150epochs,1,BraTS20_Training_072.nii.gz,ET,37598,,both_nonempty,finite,1.4142135623730951
SegMamba_150epochs,1,BraTS20_Training_076.nii.gz,WT,42204,,both_nonempty,finite,2.23606797749979
SegMamba_150epochs,1,BraTS20_Training_076.nii.gz,TC,19027,,both_nonempty,finite,2.449489742783178
SegMamba_150epochs,1,BraTS20_Training_076.nii.gz,ET,10595,,both_nonempty,finite,1.4142135623730951
SegMamba_150epochs,1,BraTS20_Training_091.nii.gz,WT,149594,,both_nonempty,finite,3.7416573867739413
SegMamba_150epochs,1,BraTS20_Training_091.nii.gz,TC,29588,,both_nonempty,finite,1.0
SegMamba_150epochs,1,BraTS20_Training_091.nii.gz,ET,24476,,both_nonempty,finite,1.0
SegMamba_150epochs,1,BraTS20_Training_102.nii.gz,WT,24143,,both_nonempty,finite,2.0
SegMamba_150epochs,1,BraTS20_Training_102.nii.gz,TC,14795,,both_nonempty,finite,2.0
SegMamba_150epochs,1,BraTS20_Training_102.nii.gz,ET,7433,,both_nonempty,finite,1.0
SegMamba_150epochs,1,BraTS20_Training_115.nii.gz,WT,90608,,both_nonempty,finite,1.0
SegMamba_150epochs,1,BraTS20_Training_115.nii.gz,TC,19732,,both_nonempty,finite,1.0
SegMamba_150epochs,1,BraTS20_Training_115.nii.gz,ET,14162,,both_nonempty,finite,1.0
SegMamba_150epochs,1,BraTS20_Training_121.nii.gz,WT,145124,,both_nonempty,finite,1.0
SegMamba_150epochs,1,BraTS20_Training_121.nii.gz,TC,32695,,both_nonempty,finite,1.0
SegMamba_150epochs,1,BraTS20_Training_121.nii.gz,ET,17168,,both_nonempty,finite,1.0
SegMamba_150epochs,1,BraTS20_Training_129.nii.gz,WT,59335,,both_nonempty,finite,2.8284271247461903
SegMamba_150epochs,1,BraTS20_Training_129.nii.gz,TC,8538,,both_nonempty,finite,2.23606797749979
SegMamba_150epochs,1,BraTS20_Training_129.nii.gz,ET,7133,,both_nonempty,finite,1.4142135623730951
SegMamba_150epochs,1,BraTS20_Training_133.nii.gz,WT,120674,,both_nonempty,finite,3.0
SegMamba_150epochs,1,BraTS20_Training_133.nii.gz,TC,75471,,both_nonempty,finite,22.58317958127243
SegMamba_150epochs,1,BraTS20_Training_133.nii.gz,ET,17816,,both_nonempty,finite,1.4142135623730951
SegMamba_150epochs,1,BraTS20_Training_135.nii.gz,WT,217380,,both_nonempty,finite,2.23606797749979
SegMamba_150epochs,1,BraTS20_Training_135.nii.gz,TC,107445,,both_nonempty,finite,7.211102550927978
SegMamba_150epochs,1,BraTS20_Training_135.nii.gz,ET,43379,,both_nonempty,finite,2.23606797749979
SegMamba_150epochs,1,BraTS20_Training_136.nii.gz,WT,61085,,both_nonempty,finite,3.1622776601683795
SegMamba_150epochs,1,BraTS20_Training_136.nii.gz,TC,26191,,both_nonempty,finite,3.7416573867739413
SegMamba_150epochs,1,BraTS20_Training_136.nii.gz,ET,21677,,both_nonempty,finite,3.7416573867739413
SegMamba_150epochs,1,BraTS20_Training_142.nii.gz,WT,12969,,both_nonempty,finite,1.4142135623730951
SegMamba_150epochs,1,BraTS20_Training_142.nii.gz,TC,4988,,both_nonempty,finite,1.0
SegMamba_150epochs,1,BraTS20_Training_142.nii.gz,ET,4678,,both_nonempty,finite,1.0
SegMamba_150epochs,1,BraTS20_Training_149.nii.gz,WT,256875,,both_nonempty,finite,3.0
SegMamba_150epochs,1,BraTS20_Training_149.nii.gz,TC,115940,,both_nonempty,finite,4.242640687119285
SegMamba_150epochs,1,BraTS20_Training_149.nii.gz,ET,67135,,both_nonempty,finite,1.7320508075688772
SegMamba_150epochs,1,BraTS20_Training_153.nii.gz,WT,127217,,both_nonempty,finite,1.0
SegMamba_150epochs,1,BraTS20_Training_153.nii.gz,TC,13494,,both_nonempty,finite,1.0
SegMamba_150epochs,1,BraTS20_Training_153.nii.gz,ET,12637,,both_nonempty,finite,1.0
SegMamba_150epochs,1,BraTS20_Training_158.nii.gz,WT,38314,,both_nonempty,finite,7.0710678118654755
SegMamba_150epochs,1,BraTS20_Training_158.nii.gz,TC,2046,,both_nonempty,finite,7.874007874011811
SegMamba_150epochs,1,BraTS20_Training_158.nii.gz,ET,1662,,both_nonempty,finite,3.0
SegMamba_150epochs,1,BraTS20_Training_159.nii.gz,WT,24434,,both_nonempty,finite,5.074264635194588
SegMamba_150epochs,1,BraTS20_Training_159.nii.gz,TC,8711,,both_nonempty,finite,2.23606797749979
SegMamba_150epochs,1,BraTS20_Training_159.nii.gz,ET,4362,,both_nonempty,finite,1.7320508075688772
SegMamba_150epochs,1,BraTS20_Training_161.nii.gz,WT,53787,,both_nonempty,finite,1.4142135623730951
SegMamba_150epochs,1,BraTS20_Training_161.nii.gz,TC,19701,,both_nonempty,finite,1.0
SegMamba_150epochs,1,BraTS20_Training_161.nii.gz,ET,12114,,both_nonempty,finite,1.0
SegMamba_150epochs,1,BraTS20_Training_166.nii.gz,WT,222999,,both_nonempty,finite,2.23606797749979
SegMamba_150epochs,1,BraTS20_Training_166.nii.gz,TC,62318,,both_nonempty,finite,1.0
SegMamba_150epochs,1,BraTS20_Training_166.nii.gz,ET,50410,,both_nonempty,finite,1.0
SegMamba_150epochs,1,BraTS20_Training_169.nii.gz,WT,55781,,both_nonempty,finite,1.4142135623730951
SegMamba_150epochs,1,BraTS20_Training_169.nii.gz,TC,36146,,both_nonempty,finite,1.0
SegMamba_150epochs,1,BraTS20_Training_169.nii.gz,ET,26241,,both_nonempty,finite,1.0
SegMamba_150epochs,1,BraTS20_Training_178.nii.gz,WT,92661,,both_nonempty,finite,1.0
SegMamba_150epochs,1,BraTS20_Training_178.nii.gz,TC,59531,,both_nonempty,finite,1.0
SegMamba_150epochs,1,BraTS20_Training_178.nii.gz,ET,46904,,both_nonempty,finite,1.0
SegMamba_150epochs,1,BraTS20_Training_181.nii.gz,WT,66816,,both_nonempty,finite,1.0
SegMamba_150epochs,1,BraTS20_Training_181.nii.gz,TC,18677,,both_nonempty,finite,1.0
SegMamba_150epochs,1,BraTS20_Training_181.nii.gz,ET,17941,,both_nonempty,finite,1.0
SegMamba_150epochs,1,BraTS20_Training_191.nii.gz,WT,150805,,both_nonempty,finite,2.449489742783178
SegMamba_150epochs,1,BraTS20_Training_191.nii.gz,TC,103704,,both_nonempty,finite,3.0
SegMamba_150epochs,1,BraTS20_Training_191.nii.gz,ET,87753,,both_nonempty,finite,2.0
SegMamba_150epochs,1,BraTS20_Training_198.nii.gz,WT,107194,,both_nonempty,finite,1.4142135623730951
SegMamba_150epochs,1,BraTS20_Training_198.nii.gz,TC,55342,,both_nonempty,finite,3.605551275463989
SegMamba_150epochs,1,BraTS20_Training_198.nii.gz,ET,30381,,both_nonempty,finite,1.4142135623730951
SegMamba_150epochs,1,BraTS20_Training_214.nii.gz,WT,110210,,both_nonempty,finite,1.0
SegMamba_150epochs,1,BraTS20_Training_214.nii.gz,TC,33808,,both_nonempty,finite,2.8284271247461903
SegMamba_150epochs,1,BraTS20_Training_214.nii.gz,ET,29059,,both_nonempty,finite,2.23606797749979
SegMamba_150epochs,1,BraTS20_Training_229.nii.gz,WT,74986,,both_nonempty,finite,1.0
SegMamba_150epochs,1,BraTS20_Training_229.nii.gz,TC,35839,,both_nonempty,finite,1.0
SegMamba_150epochs,1,BraTS20_Training_229.nii.gz,ET,29516,,both_nonempty,finite,1.0
SegMamba_150epochs,1,BraTS20_Training_238.nii.gz,WT,176056,,both_nonempty,finite,7.810249675906654
SegMamba_150epochs,1,BraTS20_Training_238.nii.gz,TC,115839,,both_nonempty,finite,2.0
SegMamba_150epochs,1,BraTS20_Training_238.nii.gz,ET,39005,,both_nonempty,finite,8.48528137423857
SegMamba_150epochs,1,BraTS20_Training_241.nii.gz,WT,227126,,both_nonempty,finite,2.0
SegMamba_150epochs,1,BraTS20_Training_241.nii.gz,TC,71071,,both_nonempty,finite,2.0
SegMamba_150epochs,1,BraTS20_Training_241.nii.gz,ET,48062,,both_nonempty,finite,2.0
SegMamba_150epochs,1,BraTS20_Training_254.nii.gz,WT,156606,,both_nonempty,finite,1.0
SegMamba_150epochs,1,BraTS20_Training_254.nii.gz,TC,67643,,both_nonempty,finite,2.0
SegMamba_150epochs,1,BraTS20_Training_254.nii.gz,ET,58556,,both_nonempty,finite,1.0
SegMamba_150epochs,1,BraTS20_Training_255.nii.gz,WT,163612,,both_nonempty,finite,1.4142135623730951
SegMamba_150epochs,1,BraTS20_Training_255.nii.gz,TC,106214,,both_nonempty,finite,1.4142135623730951
SegMamba_150epochs,1,BraTS20_Training_255.nii.gz,ET,79560,,both_nonempty,finite,2.0
SegMamba_150epochs,1,BraTS20_Training_256.nii.gz,WT,172673,,both_nonempty,finite,3.0
SegMamba_150epochs,1,BraTS20_Training_256.nii.gz,TC,126716,,both_nonempty,finite,4.123105625617661
SegMamba_150epochs,1,BraTS20_Training_256.nii.gz,ET,77776,,both_nonempty,finite,4.58257569495584
SegMamba_150epochs,1,BraTS20_Training_261.nii.gz,WT,248267,,both_nonempty,finite,2.449489742783178
SegMamba_150epochs,1,BraTS20_Training_261.nii.gz,TC,100648,,both_nonempty,finite,7.3484692283495345
SegMamba_150epochs,1,BraTS20_Training_261.nii.gz,ET,9546,,both_nonempty,finite,28.30194339616981
SegMamba_150epochs,1,BraTS20_Training_267.nii.gz,WT,79625,,both_nonempty,finite,3.4641016151377544
SegMamba_150epochs,1,BraTS20_Training_267.nii.gz,TC,55297,,both_nonempty,finite,13.0
SegMamba_150epochs,1,BraTS20_Training_267.nii.gz,ET,5256,,both_nonempty,finite,1.4142135623730951
SegMamba_150epochs,1,BraTS20_Training_269.nii.gz,WT,35439,,both_nonempty,finite,2.23606797749979
SegMamba_150epochs,1,BraTS20_Training_269.nii.gz,TC,20173,,both_nonempty,finite,4.200803415593673
SegMamba_150epochs,1,BraTS20_Training_269.nii.gz,ET,0,,gt_empty_pred_nonempty,inf,
SegMamba_150epochs,1,BraTS20_Training_272.nii.gz,WT,195433,,both_nonempty,finite,1.4142135623730951
SegMamba_150epochs,1,BraTS20_Training_272.nii.gz,TC,77985,,both_nonempty,finite,6.4031242374328485
SegMamba_150epochs,1,BraTS20_Training_272.nii.gz,ET,0,,both_empty,nan,
SegMamba_150epochs,1,BraTS20_Training_277.nii.gz,WT,30073,,both_nonempty,finite,20.904544960366874
SegMamba_150epochs,1,BraTS20_Training_277.nii.gz,TC,2904,,both_nonempty,finite,61.71101998583401
SegMamba_150epochs,1,BraTS20_Training_277.nii.gz,ET,1463,,both_nonempty,finite,1.0
SegMamba_150epochs,1,BraTS20_Training_281.nii.gz,WT,143067,,both_nonempty,finite,3.0
SegMamba_150epochs,1,BraTS20_Training_281.nii.gz,TC,21802,,both_nonempty,finite,21.400934559032695
SegMamba_150epochs,1,BraTS20_Training_281.nii.gz,ET,0,,gt_empty_pred_nonempty,inf,
SegMamba_150epochs,1,BraTS20_Training_283.nii.gz,WT,46436,,both_nonempty,finite,1.4142135623730951
SegMamba_150epochs,1,BraTS20_Training_283.nii.gz,TC,11428,,both_nonempty,finite,5.830951894845301
SegMamba_150epochs,1,BraTS20_Training_283.nii.gz,ET,11280,,both_nonempty,finite,2.23606797749979
SegMamba_150epochs,1,BraTS20_Training_290.nii.gz,WT,220284,,both_nonempty,finite,4.58257569495584
SegMamba_150epochs,1,BraTS20_Training_290.nii.gz,TC,6321,,both_nonempty,finite,7.0710678118654755
SegMamba_150epochs,1,BraTS20_Training_290.nii.gz,ET,4085,,both_nonempty,finite,2.449489742783178
SegMamba_150epochs,1,BraTS20_Training_294.nii.gz,WT,82814,,both_nonempty,finite,2.23606797749979
SegMamba_150epochs,1,BraTS20_Training_294.nii.gz,TC,36124,,both_nonempty,finite,6.708203932499369
SegMamba_150epochs,1,BraTS20_Training_294.nii.gz,ET,0,,both_empty,nan,
SegMamba_150epochs,1,BraTS20_Training_296.nii.gz,WT,162105,,both_nonempty,finite,1.4142135623730951
SegMamba_150epochs,1,BraTS20_Training_296.nii.gz,TC,89334,,both_nonempty,finite,5.385164807134504
SegMamba_150epochs,1,BraTS20_Training_296.nii.gz,ET,17176,,both_nonempty,finite,3.1622776601683795
SegMamba_150epochs,1,BraTS20_Training_304.nii.gz,WT,31170,,both_nonempty,finite,2.8284271247461903
SegMamba_150epochs,1,BraTS20_Training_304.nii.gz,TC,27850,,both_nonempty,finite,3.7416573867739413
SegMamba_150epochs,1,BraTS20_Training_304.nii.gz,ET,0,,gt_empty_pred_nonempty,inf,
SegMamba_150epochs,1,BraTS20_Training_308.nii.gz,WT,202427,,both_nonempty,finite,4.47213595499958
SegMamba_150epochs,1,BraTS20_Training_308.nii.gz,TC,153111,,both_nonempty,finite,10.198039027185569
SegMamba_150epochs,1,BraTS20_Training_308.nii.gz,ET,7070,,both_nonempty,finite,10.099504938362077
SegMamba_150epochs,1,BraTS20_Training_309.nii.gz,WT,157275,,both_nonempty,finite,3.605551275463989
SegMamba_150epochs,1,BraTS20_Training_309.nii.gz,TC,105558,,both_nonempty,finite,7.0
SegMamba_150epochs,1,BraTS20_Training_309.nii.gz,ET,1976,,both_nonempty,finite,38.3542651101619
SegMamba_150epochs,1,BraTS20_Training_311.nii.gz,WT,30323,,both_nonempty,finite,5.0
SegMamba_150epochs,1,BraTS20_Training_311.nii.gz,TC,7580,,both_nonempty,finite,5.385164807134504
SegMamba_150epochs,1,BraTS20_Training_311.nii.gz,ET,540,,both_nonempty,finite,1.0
SegMamba_150epochs,1,BraTS20_Training_313.nii.gz,WT,171033,,both_nonempty,finite,2.8284271247461903
SegMamba_150epochs,1,BraTS20_Training_313.nii.gz,TC,83612,,both_nonempty,finite,4.242640687119285
SegMamba_150epochs,1,BraTS20_Training_313.nii.gz,ET,957,,both_nonempty,finite,26.918866088625148
SegMamba_150epochs,1,BraTS20_Training_319.nii.gz,WT,116994,,both_nonempty,finite,2.23606797749979
SegMamba_150epochs,1,BraTS20_Training_319.nii.gz,TC,83603,,both_nonempty,finite,3.3166247903554
SegMamba_150epochs,1,BraTS20_Training_319.nii.gz,ET,0,,gt_empty_pred_nonempty,inf,
SegMamba_150epochs,1,BraTS20_Training_333.nii.gz,WT,188686,,both_nonempty,finite,1.7320508075688772
SegMamba_150epochs,1,BraTS20_Training_333.nii.gz,TC,177361,,both_nonempty,finite,20.024984394500787
SegMamba_150epochs,1,BraTS20_Training_333.nii.gz,ET,8755,,both_nonempty,finite,12.083045973594572
SegMamba_150epochs,1,BraTS20_Training_336.nii.gz,WT,105016,,both_nonempty,finite,1.0
SegMamba_150epochs,1,BraTS20_Training_336.nii.gz,TC,67964,,both_nonempty,finite,1.0
SegMamba_150epochs,1,BraTS20_Training_336.nii.gz,ET,32177,,both_nonempty,finite,1.0
SegMamba_150epochs,1,BraTS20_Training_338.nii.gz,WT,138460,,both_nonempty,finite,1.7320508075688772
SegMamba_150epochs,1,BraTS20_Training_338.nii.gz,TC,63867,,both_nonempty,finite,1.4142135623730951
SegMamba_150epochs,1,BraTS20_Training_338.nii.gz,ET,47126,,both_nonempty,finite,1.0
SegMamba_150epochs,1,BraTS20_Training_339.nii.gz,WT,147383,,both_nonempty,finite,4.242640687119285
SegMamba_150epochs,1,BraTS20_Training_339.nii.gz,TC,64008,,both_nonempty,finite,2.0
SegMamba_150epochs,1,BraTS20_Training_339.nii.gz,ET,38523,,both_nonempty,finite,1.0
SegMamba_150epochs,1,BraTS20_Training_340.nii.gz,WT,77740,,both_nonempty,finite,1.0
SegMamba_150epochs,1,BraTS20_Training_340.nii.gz,TC,47325,,both_nonempty,finite,1.4142135623730951
SegMamba_150epochs,1,BraTS20_Training_340.nii.gz,ET,30930,,both_nonempty,finite,1.0
SegMamba_150epochs,1,BraTS20_Training_341.nii.gz,WT,12470,,both_nonempty,finite,3.1622776601683795
SegMamba_150epochs,1,BraTS20_Training_341.nii.gz,TC,7624,,both_nonempty,finite,1.0
SegMamba_150epochs,1,BraTS20_Training_341.nii.gz,ET,7220,,both_nonempty,finite,1.0
SegMamba_150epochs,1,BraTS20_Training_343.nii.gz,WT,157400,,both_nonempty,finite,3.0
SegMamba_150epochs,1,BraTS20_Training_343.nii.gz,TC,61196,,both_nonempty,finite,2.0
SegMamba_150epochs,1,BraTS20_Training_343.nii.gz,ET,33164,,both_nonempty,finite,1.0
SegMamba_150epochs,1,BraTS20_Training_345.nii.gz,WT,95788,,both_nonempty,finite,8.306623862918075
SegMamba_150epochs,1,BraTS20_Training_345.nii.gz,TC,6152,,both_nonempty,finite,15.937377450509228
SegMamba_150epochs,1,BraTS20_Training_345.nii.gz,ET,5942,,both_nonempty,finite,5.0990195135927845
SegMamba_150epochs,1,BraTS20_Training_352.nii.gz,WT,51790,,both_nonempty,finite,4.123105625617661
SegMamba_150epochs,1,BraTS20_Training_352.nii.gz,TC,9475,,both_nonempty,finite,8.561500201835017
SegMamba_150epochs,1,BraTS20_Training_352.nii.gz,ET,9110,,both_nonempty,finite,1.7320508075688772
SegMamba_150epochs,1,BraTS20_Training_355.nii.gz,WT,138024,,both_nonempty,finite,1.0
SegMamba_150epochs,1,BraTS20_Training_355.nii.gz,TC,92541,,both_nonempty,finite,1.0
SegMamba_150epochs,1,BraTS20_Training_355.nii.gz,ET,60306,,both_nonempty,finite,1.0
SegMamba_150epochs,1,BraTS20_Training_357.nii.gz,WT,59365,,both_nonempty,finite,3.1622776601683795
SegMamba_150epochs,1,BraTS20_Training_357.nii.gz,TC,24765,,both_nonempty,finite,6.324555320336759
SegMamba_150epochs,1,BraTS20_Training_357.nii.gz,ET,14708,,both_nonempty,finite,4.358898943540674
SegMamba_150epochs,1,BraTS20_Training_359.nii.gz,WT,84845,,both_nonempty,finite,1.0
SegMamba_150epochs,1,BraTS20_Training_359.nii.gz,TC,51455,,both_nonempty,finite,1.0
SegMamba_150epochs,1,BraTS20_Training_359.nii.gz,ET,31534,,both_nonempty,finite,1.0
SegMamba_150epochs,1,BraTS20_Training_369.nii.gz,WT,224832,,both_nonempty,finite,1.4142135623730951
SegMamba_150epochs,1,BraTS20_Training_369.nii.gz,TC,63310,,both_nonempty,finite,1.4142135623730951
SegMamba_150epochs,1,BraTS20_Training_369.nii.gz,ET,42721,,both_nonempty,finite,1.0
SegMamba_150epochs,2,BraTS20_Training_002.nii.gz,WT,67008,,both_nonempty,finite,3.4641016151377544
SegMamba_150epochs,2,BraTS20_Training_002.nii.gz,TC,15709,,both_nonempty,finite,1.4142135623730951
SegMamba_150epochs,2,BraTS20_Training_002.nii.gz,ET,6549,,both_nonempty,finite,1.0
SegMamba_150epochs,2,BraTS20_Training_008.nii.gz,WT,33446,,both_nonempty,finite,6.782329983125268
SegMamba_150epochs,2,BraTS20_Training_008.nii.gz,TC,1368,,both_nonempty,finite,16.596679650103614
SegMamba_150epochs,2,BraTS20_Training_008.nii.gz,ET,1211,,both_nonempty,finite,1.0
SegMamba_150epochs,2,BraTS20_Training_010.nii.gz,WT,44582,,both_nonempty,finite,5.196152422706632
SegMamba_150epochs,2,BraTS20_Training_010.nii.gz,TC,6994,,both_nonempty,finite,1.4142135623730951
SegMamba_150epochs,2,BraTS20_Training_010.nii.gz,ET,6473,,both_nonempty,finite,1.4142135623730951
SegMamba_150epochs,2,BraTS20_Training_016.nii.gz,WT,127189,,both_nonempty,finite,5.0
SegMamba_150epochs,2,BraTS20_Training_016.nii.gz,TC,41082,,both_nonempty,finite,4.0
SegMamba_150epochs,2,BraTS20_Training_016.nii.gz,ET,13031,,both_nonempty,finite,4.123105625617661
SegMamba_150epochs,2,BraTS20_Training_018.nii.gz,WT,45118,,both_nonempty,finite,4.123105625617661
SegMamba_150epochs,2,BraTS20_Training_018.nii.gz,TC,2036,,both_nonempty,finite,13.892443989449804
SegMamba_150epochs,2,BraTS20_Training_018.nii.gz,ET,1695,,both_nonempty,finite,13.92838827718412
SegMamba_150epochs,2,BraTS20_Training_026.nii.gz,WT,180618,,both_nonempty,finite,3.7416573867739413
SegMamba_150epochs,2,BraTS20_Training_026.nii.gz,TC,34913,,both_nonempty,finite,5.916079783099616
SegMamba_150epochs,2,BraTS20_Training_026.nii.gz,ET,23676,,both_nonempty,finite,4.898979485566356
SegMamba_150epochs,2,BraTS20_Training_027.nii.gz,WT,66648,,both_nonempty,finite,11.661903789690601
SegMamba_150epochs,2,BraTS20_Training_027.nii.gz,TC,25413,,both_nonempty,finite,2.23606797749979
SegMamba_150epochs,2,BraTS20_Training_027.nii.gz,ET,16760,,both_nonempty,finite,1.0
SegMamba_150epochs,2,BraTS20_Training_038.nii.gz,WT,100879,,both_nonempty,finite,3.0
SegMamba_150epochs,2,BraTS20_Training_038.nii.gz,TC,37230,,both_nonempty,finite,2.449489742783178
SegMamba_150epochs,2,BraTS20_Training_038.nii.gz,ET,26254,,both_nonempty,finite,1.0
SegMamba_150epochs,2,BraTS20_Training_040.nii.gz,WT,171454,,both_nonempty,finite,2.0
SegMamba_150epochs,2,BraTS20_Training_040.nii.gz,TC,48395,,both_nonempty,finite,1.4142135623730951
SegMamba_150epochs,2,BraTS20_Training_040.nii.gz,ET,28203,,both_nonempty,finite,1.0
SegMamba_150epochs,2,BraTS20_Training_045.nii.gz,WT,97205,,both_nonempty,finite,1.4142135623730951
SegMamba_150epochs,2,BraTS20_Training_045.nii.gz,TC,56666,,both_nonempty,finite,1.4142135623730951
SegMamba_150epochs,2,BraTS20_Training_045.nii.gz,ET,40108,,both_nonempty,finite,1.0
SegMamba_150epochs,2,BraTS20_Training_050.nii.gz,WT,82780,,both_nonempty,finite,1.4142135623730951
SegMamba_150epochs,2,BraTS20_Training_050.nii.gz,TC,68033,,both_nonempty,finite,1.0
SegMamba_150epochs,2,BraTS20_Training_050.nii.gz,ET,32372,,both_nonempty,finite,1.0
SegMamba_150epochs,2,BraTS20_Training_057.nii.gz,WT,91132,,both_nonempty,finite,2.8284271247461903
SegMamba_150epochs,2,BraTS20_Training_057.nii.gz,TC,11762,,both_nonempty,finite,1.4142135623730951
SegMamba_150epochs,2,BraTS20_Training_057.nii.gz,ET,8613,,both_nonempty,finite,1.0
SegMamba_150epochs,2,BraTS20_Training_061.nii.gz,WT,20876,,both_nonempty,finite,2.0
SegMamba_150epochs,2,BraTS20_Training_061.nii.gz,TC,13410,,both_nonempty,finite,1.4142135623730951
SegMamba_150epochs,2,BraTS20_Training_061.nii.gz,ET,6532,,both_nonempty,finite,2.0
SegMamba_150epochs,2,BraTS20_Training_067.nii.gz,WT,130505,,both_nonempty,finite,1.4142135623730951
SegMamba_150epochs,2,BraTS20_Training_067.nii.gz,TC,44565,,both_nonempty,finite,1.0
SegMamba_150epochs,2,BraTS20_Training_067.nii.gz,ET,30709,,both_nonempty,finite,1.7320508075688772
SegMamba_150epochs,2,BraTS20_Training_071.nii.gz,WT,154279,,both_nonempty,finite,8.602325267042627
SegMamba_150epochs,2,BraTS20_Training_071.nii.gz,TC,19017,,both_nonempty,finite,9.0
SegMamba_150epochs,2,BraTS20_Training_071.nii.gz,ET,13041,,both_nonempty,finite,3.605551275463989
SegMamba_150epochs,2,BraTS20_Training_090.nii.gz,WT,32059,,both_nonempty,finite,2.23606797749979
SegMamba_150epochs,2,BraTS20_Training_090.nii.gz,TC,21031,,both_nonempty,finite,1.0
SegMamba_150epochs,2,BraTS20_Training_090.nii.gz,ET,10964,,both_nonempty,finite,1.0
SegMamba_150epochs,2,BraTS20_Training_093.nii.gz,WT,98690,,both_nonempty,finite,1.0
SegMamba_150epochs,2,BraTS20_Training_093.nii.gz,TC,31599,,both_nonempty,finite,1.0
SegMamba_150epochs,2,BraTS20_Training_093.nii.gz,ET,24337,,both_nonempty,finite,1.0
SegMamba_150epochs,2,BraTS20_Training_094.nii.gz,WT,21929,,both_nonempty,finite,40.422765862815474
SegMamba_150epochs,2,BraTS20_Training_094.nii.gz,TC,1195,,both_nonempty,finite,1.0
SegMamba_150epochs,2,BraTS20_Training_094.nii.gz,ET,1035,,both_nonempty,finite,1.0
SegMamba_150epochs,2,BraTS20_Training_096.nii.gz,WT,65993,,both_nonempty,finite,1.0
SegMamba_150epochs,2,BraTS20_Training_096.nii.gz,TC,30365,,both_nonempty,finite,1.4142135623730951
SegMamba_150epochs,2,BraTS20_Training_096.nii.gz,ET,21102,,both_nonempty,finite,1.0
SegMamba_150epochs,2,BraTS20_Training_105.nii.gz,WT,24992,,both_nonempty,finite,1.7320508075688772
SegMamba_150epochs,2,BraTS20_Training_105.nii.gz,TC,7917,,both_nonempty,finite,1.0
SegMamba_150epochs,2,BraTS20_Training_105.nii.gz,ET,5844,,both_nonempty,finite,1.0
SegMamba_150epochs,2,BraTS20_Training_118.nii.gz,WT,52485,,both_nonempty,finite,1.4142135623730951
SegMamba_150epochs,2,BraTS20_Training_118.nii.gz,TC,10261,,both_nonempty,finite,1.0
SegMamba_150epochs,2,BraTS20_Training_118.nii.gz,ET,8079,,both_nonempty,finite,1.0
SegMamba_150epochs,2,BraTS20_Training_123.nii.gz,WT,137737,,both_nonempty,finite,3.605551275463989
SegMamba_150epochs,2,BraTS20_Training_123.nii.gz,TC,37258,,both_nonempty,finite,7.0710678118654755
SegMamba_150epochs,2,BraTS20_Training_123.nii.gz,ET,25719,,both_nonempty,finite,1.4142135623730951
SegMamba_150epochs,2,BraTS20_Training_124.nii.gz,WT,175363,,both_nonempty,finite,1.0
SegMamba_150epochs,2,BraTS20_Training_124.nii.gz,TC,80574,,both_nonempty,finite,1.0
SegMamba_150epochs,2,BraTS20_Training_124.nii.gz,ET,42739,,both_nonempty,finite,1.0
SegMamba_150epochs,2,BraTS20_Training_128.nii.gz,WT,34459,,both_nonempty,finite,4.47213595499958
SegMamba_150epochs,2,BraTS20_Training_128.nii.gz,TC,1391,,both_nonempty,finite,3.0
SegMamba_150epochs,2,BraTS20_Training_128.nii.gz,ET,1276,,both_nonempty,finite,2.23606797749979
SegMamba_150epochs,2,BraTS20_Training_141.nii.gz,WT,21615,,both_nonempty,finite,4.123105625617661
SegMamba_150epochs,2,BraTS20_Training_141.nii.gz,TC,9121,,both_nonempty,finite,5.385164807134504
SegMamba_150epochs,2,BraTS20_Training_141.nii.gz,ET,708,,both_nonempty,finite,5.916079783099616
SegMamba_150epochs,2,BraTS20_Training_146.nii.gz,WT,100886,,both_nonempty,finite,2.449489742783178
SegMamba_150epochs,2,BraTS20_Training_146.nii.gz,TC,33617,,both_nonempty,finite,1.4142135623730951
SegMamba_150epochs,2,BraTS20_Training_146.nii.gz,ET,23187,,both_nonempty,finite,1.0
SegMamba_150epochs,2,BraTS20_Training_148.nii.gz,WT,149347,,both_nonempty,finite,8.48528137423857
SegMamba_150epochs,2,BraTS20_Training_148.nii.gz,TC,36252,,both_nonempty,finite,58.39520528262573
SegMamba_150epochs,2,BraTS20_Training_148.nii.gz,ET,19840,,both_nonempty,finite,60.534286992854696
SegMamba_150epochs,2,BraTS20_Training_151.nii.gz,WT,149466,,both_nonempty,finite,1.4142135623730951
SegMamba_150epochs,2,BraTS20_Training_151.nii.gz,TC,63388,,both_nonempty,finite,1.7320508075688772
SegMamba_150epochs,2,BraTS20_Training_151.nii.gz,ET,38103,,both_nonempty,finite,1.4142135623730951
SegMamba_150epochs,2,BraTS20_Training_152.nii.gz,WT,187315,,both_nonempty,finite,1.4142135623730951
SegMamba_150epochs,2,BraTS20_Training_152.nii.gz,TC,46913,,both_nonempty,finite,1.0
SegMamba_150epochs,2,BraTS20_Training_152.nii.gz,ET,31036,,both_nonempty,finite,1.0
SegMamba_150epochs,2,BraTS20_Training_157.nii.gz,WT,92575,,both_nonempty,finite,2.23606797749979
SegMamba_150epochs,2,BraTS20_Training_157.nii.gz,TC,50077,,both_nonempty,finite,1.7320508075688772
SegMamba_150epochs,2,BraTS20_Training_157.nii.gz,ET,42558,,both_nonempty,finite,1.4142135623730951
SegMamba_150epochs,2,BraTS20_Training_160.nii.gz,WT,127812,,both_nonempty,finite,3.7416573867739413
SegMamba_150epochs,2,BraTS20_Training_160.nii.gz,TC,82014,,both_nonempty,finite,5.0990195135927845
SegMamba_150epochs,2,BraTS20_Training_160.nii.gz,ET,33404,,both_nonempty,finite,3.0
SegMamba_150epochs,2,BraTS20_Training_163.nii.gz,WT,154508,,both_nonempty,finite,1.0
SegMamba_150epochs,2,BraTS20_Training_163.nii.gz,TC,70505,,both_nonempty,finite,2.0
SegMamba_150epochs,2,BraTS20_Training_163.nii.gz,ET,45111,,both_nonempty,finite,2.0
SegMamba_150epochs,2,BraTS20_Training_180.nii.gz,WT,162623,,both_nonempty,finite,45.628938186199335
SegMamba_150epochs,2,BraTS20_Training_180.nii.gz,TC,79535,,both_nonempty,finite,1.4142135623730951
SegMamba_150epochs,2,BraTS20_Training_180.nii.gz,ET,63709,,both_nonempty,finite,1.4142135623730951
SegMamba_150epochs,2,BraTS20_Training_182.nii.gz,WT,42233,,both_nonempty,finite,2.23606797749979
SegMamba_150epochs,2,BraTS20_Training_182.nii.gz,TC,11281,,both_nonempty,finite,1.4142135623730951
SegMamba_150epochs,2,BraTS20_Training_182.nii.gz,ET,9134,,both_nonempty,finite,1.0
SegMamba_150epochs,2,BraTS20_Training_188.nii.gz,WT,67704,,both_nonempty,finite,5.656854249492381
SegMamba_150epochs,2,BraTS20_Training_188.nii.gz,TC,8648,,both_nonempty,finite,2.8284271247461903
SegMamba_150epochs,2,BraTS20_Training_188.nii.gz,ET,6929,,both_nonempty,finite,2.0
SegMamba_150epochs,2,BraTS20_Training_189.nii.gz,WT,97135,,both_nonempty,finite,2.23606797749979
SegMamba_150epochs,2,BraTS20_Training_189.nii.gz,TC,28526,,both_nonempty,finite,1.0
SegMamba_150epochs,2,BraTS20_Training_189.nii.gz,ET,22125,,both_nonempty,finite,1.0
SegMamba_150epochs,2,BraTS20_Training_196.nii.gz,WT,168187,,both_nonempty,finite,1.4142135623730951
SegMamba_150epochs,2,BraTS20_Training_196.nii.gz,TC,45124,,both_nonempty,finite,1.4142135623730951
SegMamba_150epochs,2,BraTS20_Training_196.nii.gz,ET,38840,,both_nonempty,finite,1.4142135623730951
SegMamba_150epochs,2,BraTS20_Training_199.nii.gz,WT,81847,,both_nonempty,finite,1.4142135623730951
SegMamba_150epochs,2,BraTS20_Training_199.nii.gz,TC,37146,,both_nonempty,finite,1.7320508075688772
SegMamba_150epochs,2,BraTS20_Training_199.nii.gz,ET,33532,,both_nonempty,finite,1.4142135623730951
SegMamba_150epochs,2,BraTS20_Training_206.nii.gz,WT,23456,,both_nonempty,finite,4.898979485566356
SegMamba_150epochs,2,BraTS20_Training_206.nii.gz,TC,5415,,both_nonempty,finite,4.123105625617661
SegMamba_150epochs,2,BraTS20_Training_206.nii.gz,ET,5096,,both_nonempty,finite,2.449489742783178
SegMamba_150epochs,2,BraTS20_Training_221.nii.gz,WT,161557,,both_nonempty,finite,1.7320508075688772
SegMamba_150epochs,2,BraTS20_Training_221.nii.gz,TC,86271,,both_nonempty,finite,2.23606797749979
SegMamba_150epochs,2,BraTS20_Training_221.nii.gz,ET,68592,,both_nonempty,finite,1.4142135623730951
SegMamba_150epochs,2,BraTS20_Training_222.nii.gz,WT,30490,,both_nonempty,finite,1.4142135623730951
SegMamba_150epochs,2,BraTS20_Training_222.nii.gz,TC,10896,,both_nonempty,finite,2.0
SegMamba_150epochs,2,BraTS20_Training_222.nii.gz,ET,8609,,both_nonempty,finite,1.0
SegMamba_150epochs,2,BraTS20_Training_231.nii.gz,WT,132171,,both_nonempty,finite,1.0
SegMamba_150epochs,2,BraTS20_Training_231.nii.gz,TC,45006,,both_nonempty,finite,1.4142135623730951
SegMamba_150epochs,2,BraTS20_Training_231.nii.gz,ET,40450,,both_nonempty,finite,1.4142135623730951
SegMamba_150epochs,2,BraTS20_Training_235.nii.gz,WT,200621,,both_nonempty,finite,2.0
SegMamba_150epochs,2,BraTS20_Training_235.nii.gz,TC,117104,,both_nonempty,finite,1.4142135623730951
SegMamba_150epochs,2,BraTS20_Training_235.nii.gz,ET,65092,,both_nonempty,finite,1.0
SegMamba_150epochs,2,BraTS20_Training_239.nii.gz,WT,75085,,both_nonempty,finite,3.7416573867739413
SegMamba_150epochs,2,BraTS20_Training_239.nii.gz,TC,17927,,both_nonempty,finite,5.916079783099616
SegMamba_150epochs,2,BraTS20_Training_239.nii.gz,ET,7337,,both_nonempty,finite,3.605551275463989
SegMamba_150epochs,2,BraTS20_Training_247.nii.gz,WT,138051,,both_nonempty,finite,3.605551275463989
SegMamba_150epochs,2,BraTS20_Training_247.nii.gz,TC,84354,,both_nonempty,finite,2.0
SegMamba_150epochs,2,BraTS20_Training_247.nii.gz,ET,52126,,both_nonempty,finite,1.0
SegMamba_150epochs,2,BraTS20_Training_250.nii.gz,WT,73791,,both_nonempty,finite,3.605551275463989
SegMamba_150epochs,2,BraTS20_Training_250.nii.gz,TC,3265,,both_nonempty,finite,4.898979485566356
SegMamba_150epochs,2,BraTS20_Training_250.nii.gz,ET,3218,,both_nonempty,finite,1.7320508075688772
SegMamba_150epochs,2,BraTS20_Training_257.nii.gz,WT,82023,,both_nonempty,finite,1.4142135623730951
SegMamba_150epochs,2,BraTS20_Training_257.nii.gz,TC,12453,,both_nonempty,finite,18.893119559512257
SegMamba_150epochs,2,BraTS20_Training_257.nii.gz,ET,10930,,both_nonempty,finite,4.123105625617661
SegMamba_150epochs,2,BraTS20_Training_263.nii.gz,WT,30441,,both_nonempty,finite,4.123105625617661
SegMamba_150epochs,2,BraTS20_Training_263.nii.gz,TC,4487,,both_nonempty,finite,16.186414056238647
SegMamba_150epochs,2,BraTS20_Training_263.nii.gz,ET,0,,gt_empty_pred_nonempty,inf,
SegMamba_150epochs,2,BraTS20_Training_270.nii.gz,WT,148380,,both_nonempty,finite,1.4142135623730951
SegMamba_150epochs,2,BraTS20_Training_270.nii.gz,TC,68250,,both_nonempty,finite,1.0
SegMamba_150epochs,2,BraTS20_Training_270.nii.gz,ET,60285,,both_nonempty,finite,1.4142135623730951
SegMamba_150epochs,2,BraTS20_Training_271.nii.gz,WT,51173,,both_nonempty,finite,1.4142135623730951
SegMamba_150epochs,2,BraTS20_Training_271.nii.gz,TC,23413,,both_nonempty,finite,1.4142135623730951
SegMamba_150epochs,2,BraTS20_Training_271.nii.gz,ET,224,,both_nonempty,finite,17.064498915993155
SegMamba_150epochs,2,BraTS20_Training_273.nii.gz,WT,230882,,both_nonempty,finite,6.708203932499369
SegMamba_150epochs,2,BraTS20_Training_273.nii.gz,TC,112063,,both_nonempty,finite,4.58257569495584
SegMamba_150epochs,2,BraTS20_Training_273.nii.gz,ET,1276,,both_nonempty,finite,9.219544457292887
SegMamba_150epochs,2,BraTS20_Training_275.nii.gz,WT,34700,,both_nonempty,finite,63.318243737675566
SegMamba_150epochs,2,BraTS20_Training_275.nii.gz,TC,10557,,both_nonempty,finite,56.19608527290847
SegMamba_150epochs,2,BraTS20_Training_275.nii.gz,ET,0,,both_empty,nan,
SegMamba_150epochs,2,BraTS20_Training_276.nii.gz,WT,56512,,both_nonempty,finite,2.449489742783178
SegMamba_150epochs,2,BraTS20_Training_276.nii.gz,TC,4076,,both_nonempty,finite,1.0
SegMamba_150epochs,2,BraTS20_Training_276.nii.gz,ET,2575,,both_nonempty,finite,1.5254565981914454
SegMamba_150epochs,2,BraTS20_Training_285.nii.gz,WT,113289,,both_nonempty,finite,5.744562646538029
SegMamba_150epochs,2,BraTS20_Training_285.nii.gz,TC,82169,,both_nonempty,finite,4.898979485566356
SegMamba_150epochs,2,BraTS20_Training_285.nii.gz,ET,7613,,both_nonempty,finite,3.7416573867739413
SegMamba_150epochs,2,BraTS20_Training_293.nii.gz,WT,298075,,both_nonempty,finite,5.830951894845301
SegMamba_150epochs,2,BraTS20_Training_293.nii.gz,TC,119423,,both_nonempty,finite,10.0
SegMamba_150epochs,2,BraTS20_Training_293.nii.gz,ET,39301,,both_nonempty,finite,5.0990195135927845
SegMamba_150epochs,2,BraTS20_Training_300.nii.gz,WT,95449,,both_nonempty,finite,2.23606797749979
SegMamba_150epochs,2,BraTS20_Training_300.nii.gz,TC,67018,,both_nonempty,finite,8.774964387392123
SegMamba_150epochs,2,BraTS20_Training_300.nii.gz,ET,1072,,both_nonempty,finite,1.0
SegMamba_150epochs,2,BraTS20_Training_301.nii.gz,WT,173216,,both_nonempty,finite,3.605551275463989
SegMamba_150epochs,2,BraTS20_Training_301.nii.gz,TC,57430,,both_nonempty,finite,9.0
SegMamba_150epochs,2,BraTS20_Training_301.nii.gz,ET,3873,,both_nonempty,finite,5.0
SegMamba_150epochs,2,BraTS20_Training_307.nii.gz,WT,147787,,both_nonempty,finite,4.123105625617661
SegMamba_150epochs,2,BraTS20_Training_307.nii.gz,TC,94205,,both_nonempty,finite,4.358898943540674
SegMamba_150epochs,2,BraTS20_Training_307.nii.gz,ET,32,,both_nonempty,finite,15.188091244404314
SegMamba_150epochs,2,BraTS20_Training_312.nii.gz,WT,158539,,both_nonempty,finite,3.1622776601683795
SegMamba_150epochs,2,BraTS20_Training_312.nii.gz,TC,65330,,both_nonempty,finite,16.0312195418814
SegMamba_150epochs,2,BraTS20_Training_312.nii.gz,ET,0,,gt_empty_pred_nonempty,inf,
SegMamba_150epochs,2,BraTS20_Training_317.nii.gz,WT,20725,,both_nonempty,finite,1.0
SegMamba_150epochs,2,BraTS20_Training_317.nii.gz,TC,6499,,both_nonempty,finite,3.0
SegMamba_150epochs,2,BraTS20_Training_317.nii.gz,ET,3794,,both_nonempty,finite,2.0
SegMamba_150epochs,2,BraTS20_Training_320.nii.gz,WT,37466,,both_nonempty,finite,11.39516361708269
SegMamba_150epochs,2,BraTS20_Training_320.nii.gz,TC,10330,,both_nonempty,finite,1.7320508075688772
SegMamba_150epochs,2,BraTS20_Training_320.nii.gz,ET,8358,,both_nonempty,finite,2.0
SegMamba_150epochs,2,BraTS20_Training_321.nii.gz,WT,65338,,both_nonempty,finite,2.0
SegMamba_150epochs,2,BraTS20_Training_321.nii.gz,TC,28605,,both_nonempty,finite,6.0
SegMamba_150epochs,2,BraTS20_Training_321.nii.gz,ET,0,,both_empty,nan,
SegMamba_150epochs,2,BraTS20_Training_322.nii.gz,WT,87527,,both_nonempty,finite,1.4142135623730951
SegMamba_150epochs,2,BraTS20_Training_322.nii.gz,TC,62120,,both_nonempty,finite,3.1622776601683795
SegMamba_150epochs,2,BraTS20_Training_322.nii.gz,ET,119,,both_nonempty,finite,20.298689116144548
SegMamba_150epochs,2,BraTS20_Training_326.nii.gz,WT,125353,,both_nonempty,finite,4.58257569495584
SegMamba_150epochs,2,BraTS20_Training_326.nii.gz,TC,125353,,both_nonempty,finite,13.674794331177344
SegMamba_150epochs,2,BraTS20_Training_326.nii.gz,ET,1194,,both_nonempty,finite,11.357816691600547
SegMamba_150epochs,2,BraTS20_Training_334.nii.gz,WT,151508,,both_nonempty,finite,1.0
SegMamba_150epochs,2,BraTS20_Training_334.nii.gz,TC,12769,,both_nonempty,finite,1.4142135623730951
SegMamba_150epochs,2,BraTS20_Training_334.nii.gz,ET,11757,,both_nonempty,finite,1.4142135623730951
SegMamba_150epochs,2,BraTS20_Training_346.nii.gz,WT,78584,,both_nonempty,finite,1.0
SegMamba_150epochs,2,BraTS20_Training_346.nii.gz,TC,67871,,both_nonempty,finite,1.0
SegMamba_150epochs,2,BraTS20_Training_346.nii.gz,ET,28376,,both_nonempty,finite,1.0
SegMamba_150epochs,2,BraTS20_Training_347.nii.gz,WT,111614,,both_nonempty,finite,1.0
SegMamba_150epochs,2,BraTS20_Training_347.nii.gz,TC,32541,,both_nonempty,finite,1.4142135623730951
SegMamba_150epochs,2,BraTS20_Training_347.nii.gz,ET,24882,,both_nonempty,finite,1.0
SegMamba_150epochs,2,BraTS20_Training_350.nii.gz,WT,107675,,both_nonempty,finite,1.0
SegMamba_150epochs,2,BraTS20_Training_350.nii.gz,TC,49376,,both_nonempty,finite,1.0
SegMamba_150epochs,2,BraTS20_Training_350.nii.gz,ET,38973,,both_nonempty,finite,1.0
SegMamba_150epochs,2,BraTS20_Training_351.nii.gz,WT,98996,,both_nonempty,finite,1.0
SegMamba_150epochs,2,BraTS20_Training_351.nii.gz,TC,19414,,both_nonempty,finite,1.0
SegMamba_150epochs,2,BraTS20_Training_351.nii.gz,ET,16124,,both_nonempty,finite,1.0
SegMamba_150epochs,2,BraTS20_Training_354.nii.gz,WT,170299,,both_nonempty,finite,1.4142135623730951
SegMamba_150epochs,2,BraTS20_Training_354.nii.gz,TC,98081,,both_nonempty,finite,1.7320508075688772
SegMamba_150epochs,2,BraTS20_Training_354.nii.gz,ET,60230,,both_nonempty,finite,1.0
SegMamba_150epochs,2,BraTS20_Training_356.nii.gz,WT,42643,,both_nonempty,finite,65.11604939297351
SegMamba_150epochs,2,BraTS20_Training_356.nii.gz,TC,30932,,both_nonempty,finite,1.7320508075688772
SegMamba_150epochs,2,BraTS20_Training_356.nii.gz,ET,20127,,both_nonempty,finite,1.4142135623730951
SegMamba_150epochs,2,BraTS20_Training_361.nii.gz,WT,78549,,both_nonempty,finite,3.1622776601683795
SegMamba_150epochs,2,BraTS20_Training_361.nii.gz,TC,3240,,both_nonempty,finite,26.476404589747453
SegMamba_150epochs,2,BraTS20_Training_361.nii.gz,ET,282,,both_nonempty,finite,47.0929928849434
SegMamba_150epochs,2,BraTS20_Training_362.nii.gz,WT,158381,,both_nonempty,finite,1.4142135623730951
SegMamba_150epochs,2,BraTS20_Training_362.nii.gz,TC,59926,,both_nonempty,finite,2.0
SegMamba_150epochs,2,BraTS20_Training_362.nii.gz,ET,39129,,both_nonempty,finite,1.0
SegMamba_150epochs,2,BraTS20_Training_364.nii.gz,WT,98011,,both_nonempty,finite,1.4142135623730951
SegMamba_150epochs,2,BraTS20_Training_364.nii.gz,TC,50150,,both_nonempty,finite,2.449489742783178
SegMamba_150epochs,2,BraTS20_Training_364.nii.gz,ET,30508,,both_nonempty,finite,1.4142135623730951
SegMamba_150epochs,3,BraTS20_Training_003.nii.gz,WT,29807,,both_nonempty,finite,5.385164807134504
SegMamba_150epochs,3,BraTS20_Training_003.nii.gz,TC,3731,,both_nonempty,finite,1.0
SegMamba_150epochs,3,BraTS20_Training_003.nii.gz,ET,2998,,both_nonempty,finite,1.4142135623730951
SegMamba_150epochs,3,BraTS20_Training_007.nii.gz,WT,39772,,both_nonempty,finite,1.4142135623730951
SegMamba_150epochs,3,BraTS20_Training_007.nii.gz,TC,9557,,both_nonempty,finite,8.602325267042627
SegMamba_150epochs,3,BraTS20_Training_007.nii.gz,ET,6159,,both_nonempty,finite,1.0
SegMamba_150epochs,3,BraTS20_Training_014.nii.gz,WT,80396,,both_nonempty,finite,2.23606797749979
SegMamba_150epochs,3,BraTS20_Training_014.nii.gz,TC,27568,,both_nonempty,finite,2.23606797749979
SegMamba_150epochs,3,BraTS20_Training_014.nii.gz,ET,18255,,both_nonempty,finite,1.0
SegMamba_150epochs,3,BraTS20_Training_025.nii.gz,WT,73437,,both_nonempty,finite,2.449489742783178
SegMamba_150epochs,3,BraTS20_Training_025.nii.gz,TC,36909,,both_nonempty,finite,1.0
SegMamba_150epochs,3,BraTS20_Training_025.nii.gz,ET,17433,,both_nonempty,finite,1.0
SegMamba_150epochs,3,BraTS20_Training_033.nii.gz,WT,122656,,both_nonempty,finite,1.4142135623730951
SegMamba_150epochs,3,BraTS20_Training_033.nii.gz,TC,24355,,both_nonempty,finite,1.4142135623730951
SegMamba_150epochs,3,BraTS20_Training_033.nii.gz,ET,16009,,both_nonempty,finite,1.0
SegMamba_150epochs,3,BraTS20_Training_052.nii.gz,WT,45951,,both_nonempty,finite,1.7320508075688772
SegMamba_150epochs,3,BraTS20_Training_052.nii.gz,TC,16886,,both_nonempty,finite,1.0
SegMamba_150epochs,3,BraTS20_Training_052.nii.gz,ET,10897,,both_nonempty,finite,1.0
SegMamba_150epochs,3,BraTS20_Training_062.nii.gz,WT,142132,,both_nonempty,finite,1.4142135623730951
SegMamba_150epochs,3,BraTS20_Training_062.nii.gz,TC,50151,,both_nonempty,finite,1.0
SegMamba_150epochs,3,BraTS20_Training_062.nii.gz,ET,30143,,both_nonempty,finite,1.0
SegMamba_150epochs,3,BraTS20_Training_066.nii.gz,WT,59246,,both_nonempty,finite,1.4142135623730951
SegMamba_150epochs,3,BraTS20_Training_066.nii.gz,TC,15461,,both_nonempty,finite,1.4142135623730951
SegMamba_150epochs,3,BraTS20_Training_066.nii.gz,ET,8665,,both_nonempty,finite,1.0
SegMamba_150epochs,3,BraTS20_Training_070.nii.gz,WT,57830,,both_nonempty,finite,2.449489742783178
SegMamba_150epochs,3,BraTS20_Training_070.nii.gz,TC,35286,,both_nonempty,finite,3.7416573867739413
SegMamba_150epochs,3,BraTS20_Training_070.nii.gz,ET,12743,,both_nonempty,finite,1.4142135623730951
SegMamba_150epochs,3,BraTS20_Training_079.nii.gz,WT,7285,,both_nonempty,finite,2.449489742783178
SegMamba_150epochs,3,BraTS20_Training_079.nii.gz,TC,3609,,both_nonempty,finite,1.4142135623730951
SegMamba_150epochs,3,BraTS20_Training_079.nii.gz,ET,1470,,both_nonempty,finite,3.605551275463989
SegMamba_150epochs,3,BraTS20_Training_080.nii.gz,WT,43464,,both_nonempty,finite,2.0
SegMamba_150epochs,3,BraTS20_Training_080.nii.gz,TC,10560,,both_nonempty,finite,3.1622776601683795
SegMamba_150epochs,3,BraTS20_Training_080.nii.gz,ET,6688,,both_nonempty,finite,1.4142135623730951
SegMamba_150epochs,3,BraTS20_Training_085.nii.gz,WT,36221,,both_nonempty,finite,2.0
SegMamba_150epochs,3,BraTS20_Training_085.nii.gz,TC,7813,,both_nonempty,finite,3.605551275463989
SegMamba_150epochs,3,BraTS20_Training_085.nii.gz,ET,3691,,both_nonempty,finite,4.58257569495584
SegMamba_150epochs,3,BraTS20_Training_087.nii.gz,WT,26806,,both_nonempty,finite,8.54400374531753
SegMamba_150epochs,3,BraTS20_Training_087.nii.gz,TC,7516,,both_nonempty,finite,5.830951894845301
SegMamba_150epochs,3,BraTS20_Training_087.nii.gz,ET,406,,both_nonempty,finite,9.1104335791443
SegMamba_150epochs,3,BraTS20_Training_095.nii.gz,WT,103768,,both_nonempty,finite,1.0
SegMamba_150epochs,3,BraTS20_Training_095.nii.gz,TC,33378,,both_nonempty,finite,2.23606797749979
SegMamba_150epochs,3,BraTS20_Training_095.nii.gz,ET,18549,,both_nonempty,finite,1.4142135623730951
SegMamba_150epochs,3,BraTS20_Training_097.nii.gz,WT,79531,,both_nonempty,finite,1.4142135623730951
SegMamba_150epochs,3,BraTS20_Training_097.nii.gz,TC,61963,,both_nonempty,finite,1.0
SegMamba_150epochs,3,BraTS20_Training_097.nii.gz,ET,37193,,both_nonempty,finite,1.0
SegMamba_150epochs,3,BraTS20_Training_099.nii.gz,WT,7513,,both_nonempty,finite,4.898979485566356
SegMamba_150epochs,3,BraTS20_Training_099.nii.gz,TC,1238,,both_nonempty,finite,9.36181794560419
SegMamba_150epochs,3,BraTS20_Training_099.nii.gz,ET,1238,,both_nonempty,finite,9.36181794560419
SegMamba_150epochs,3,BraTS20_Training_103.nii.gz,WT,58208,,both_nonempty,finite,4.0
SegMamba_150epochs,3,BraTS20_Training_103.nii.gz,TC,51228,,both_nonempty,finite,2.449489742783178
SegMamba_150epochs,3,BraTS20_Training_103.nii.gz,ET,37271,,both_nonempty,finite,1.0
SegMamba_150epochs,3,BraTS20_Training_110.nii.gz,WT,15762,,both_nonempty,finite,4.47213595499958
SegMamba_150epochs,3,BraTS20_Training_110.nii.gz,TC,2872,,both_nonempty,finite,1.0
SegMamba_150epochs,3,BraTS20_Training_110.nii.gz,ET,2786,,both_nonempty,finite,1.0
SegMamba_150epochs,3,BraTS20_Training_112.nii.gz,WT,170359,,both_nonempty,finite,1.0
SegMamba_150epochs,3,BraTS20_Training_112.nii.gz,TC,68462,,both_nonempty,finite,1.0
SegMamba_150epochs,3,BraTS20_Training_112.nii.gz,ET,48172,,both_nonempty,finite,1.0
SegMamba_150epochs,3,BraTS20_Training_117.nii.gz,WT,78134,,both_nonempty,finite,1.0
SegMamba_150epochs,3,BraTS20_Training_117.nii.gz,TC,12700,,both_nonempty,finite,1.0
SegMamba_150epochs,3,BraTS20_Training_117.nii.gz,ET,9819,,both_nonempty,finite,1.0
SegMamba_150epochs,3,BraTS20_Training_122.nii.gz,WT,16585,,both_nonempty,finite,1.0
SegMamba_150epochs,3,BraTS20_Training_122.nii.gz,TC,5674,,both_nonempty,finite,1.0
SegMamba_150epochs,3,BraTS20_Training_122.nii.gz,ET,3611,,both_nonempty,finite,1.0
SegMamba_150epochs,3,BraTS20_Training_126.nii.gz,WT,38000,,both_nonempty,finite,2.23606797749979
SegMamba_150epochs,3,BraTS20_Training_126.nii.gz,TC,19712,,both_nonempty,finite,2.0
SegMamba_150epochs,3,BraTS20_Training_126.nii.gz,ET,16152,,both_nonempty,finite,1.0
SegMamba_150epochs,3,BraTS20_Training_127.nii.gz,WT,43568,,both_nonempty,finite,1.0
SegMamba_150epochs,3,BraTS20_Training_127.nii.gz,TC,6360,,both_nonempty,finite,1.0
SegMamba_150epochs,3,BraTS20_Training_127.nii.gz,ET,6204,,both_nonempty,finite,1.0
SegMamba_150epochs,3,BraTS20_Training_132.nii.gz,WT,173928,,both_nonempty,finite,5.0
SegMamba_150epochs,3,BraTS20_Training_132.nii.gz,TC,25664,,both_nonempty,finite,2.0
SegMamba_150epochs,3,BraTS20_Training_132.nii.gz,ET,21250,,both_nonempty,finite,2.23606797749979
SegMamba_150epochs,3,BraTS20_Training_140.nii.gz,WT,137301,,both_nonempty,finite,1.7320508075688772
SegMamba_150epochs,3,BraTS20_Training_140.nii.gz,TC,46495,,both_nonempty,finite,2.23606797749979
SegMamba_150epochs,3,BraTS20_Training_140.nii.gz,ET,26264,,both_nonempty,finite,1.0
SegMamba_150epochs,3,BraTS20_Training_154.nii.gz,WT,94086,,both_nonempty,finite,1.0
SegMamba_150epochs,3,BraTS20_Training_154.nii.gz,TC,62211,,both_nonempty,finite,1.0
SegMamba_150epochs,3,BraTS20_Training_154.nii.gz,ET,32363,,both_nonempty,finite,1.0
SegMamba_150epochs,3,BraTS20_Training_164.nii.gz,WT,125370,,both_nonempty,finite,10.0
SegMamba_150epochs,3,BraTS20_Training_164.nii.gz,TC,56563,,both_nonempty,finite,1.4142135623730951
SegMamba_150epochs,3,BraTS20_Training_164.nii.gz,ET,43375,,both_nonempty,finite,1.0
SegMamba_150epochs,3,BraTS20_Training_168.nii.gz,WT,163378,,both_nonempty,finite,2.8284271247461903
SegMamba_150epochs,3,BraTS20_Training_168.nii.gz,TC,101553,,both_nonempty,finite,2.23606797749979
SegMamba_150epochs,3,BraTS20_Training_168.nii.gz,ET,74539,,both_nonempty,finite,2.0
SegMamba_150epochs,3,BraTS20_Training_170.nii.gz,WT,99859,,both_nonempty,finite,1.7320508075688772
SegMamba_150epochs,3,BraTS20_Training_170.nii.gz,TC,25202,,both_nonempty,finite,1.7320508075688772
SegMamba_150epochs,3,BraTS20_Training_170.nii.gz,ET,13224,,both_nonempty,finite,1.0
SegMamba_150epochs,3,BraTS20_Training_171.nii.gz,WT,146494,,both_nonempty,finite,7.211102550927978
SegMamba_150epochs,3,BraTS20_Training_171.nii.gz,TC,70168,,both_nonempty,finite,9.38083151964686
SegMamba_150epochs,3,BraTS20_Training_171.nii.gz,ET,16944,,both_nonempty,finite,2.0
SegMamba_150epochs,3,BraTS20_Training_177.nii.gz,WT,12952,,both_nonempty,finite,21.213203435596427
SegMamba_150epochs,3,BraTS20_Training_177.nii.gz,TC,1241,,both_nonempty,finite,9.797958971132712
SegMamba_150epochs,3,BraTS20_Training_177.nii.gz,ET,1037,,both_nonempty,finite,9.899494936611665
SegMamba_150epochs,3,BraTS20_Training_184.nii.gz,WT,122929,,both_nonempty,finite,1.4142135623730951
SegMamba_150epochs,3,BraTS20_Training_184.nii.gz,TC,42503,,both_nonempty,finite,1.0
SegMamba_150epochs,3,BraTS20_Training_184.nii.gz,ET,26938,,both_nonempty,finite,1.0
SegMamba_150epochs,3,BraTS20_Training_193.nii.gz,WT,130288,,both_nonempty,finite,51.34199061197374
SegMamba_150epochs,3,BraTS20_Training_193.nii.gz,TC,53790,,both_nonempty,finite,61.014342472960045
SegMamba_150epochs,3,BraTS20_Training_193.nii.gz,ET,29915,,both_nonempty,finite,61.69278726074872
SegMamba_150epochs,3,BraTS20_Training_194.nii.gz,WT,99624,,both_nonempty,finite,1.7320508075688772
SegMamba_150epochs,3,BraTS20_Training_194.nii.gz,TC,77990,,both_nonempty,finite,1.0
SegMamba_150epochs,3,BraTS20_Training_194.nii.gz,ET,38724,,both_nonempty,finite,1.0
SegMamba_150epochs,3,BraTS20_Training_195.nii.gz,WT,50735,,both_nonempty,finite,2.23606797749979
SegMamba_150epochs,3,BraTS20_Training_195.nii.gz,TC,32325,,both_nonempty,finite,2.449489742783178
SegMamba_150epochs,3,BraTS20_Training_195.nii.gz,ET,21184,,both_nonempty,finite,1.7320508075688772
SegMamba_150epochs,3,BraTS20_Training_200.nii.gz,WT,44798,,both_nonempty,finite,1.0
SegMamba_150epochs,3,BraTS20_Training_200.nii.gz,TC,4664,,both_nonempty,finite,1.0
SegMamba_150epochs,3,BraTS20_Training_200.nii.gz,ET,4539,,both_nonempty,finite,1.4142135623730951
SegMamba_150epochs,3,BraTS20_Training_201.nii.gz,WT,175302,,both_nonempty,finite,1.0
SegMamba_150epochs,3,BraTS20_Training_201.nii.gz,TC,42239,,both_nonempty,finite,1.4142135623730951
SegMamba_150epochs,3,BraTS20_Training_201.nii.gz,ET,36248,,both_nonempty,finite,1.4142135623730951
SegMamba_150epochs,3,BraTS20_Training_212.nii.gz,WT,184720,,both_nonempty,finite,4.69041575982343
SegMamba_150epochs,3,BraTS20_Training_212.nii.gz,TC,100041,,both_nonempty,finite,4.242640687119285
SegMamba_150epochs,3,BraTS20_Training_212.nii.gz,ET,27851,,both_nonempty,finite,2.449489742783178
SegMamba_150epochs,3,BraTS20_Training_213.nii.gz,WT,57168,,both_nonempty,finite,4.242640687119285
SegMamba_150epochs,3,BraTS20_Training_213.nii.gz,TC,19273,,both_nonempty,finite,3.3011900773366416
SegMamba_150epochs,3,BraTS20_Training_213.nii.gz,ET,15114,,both_nonempty,finite,2.449489742783178
SegMamba_150epochs,3,BraTS20_Training_215.nii.gz,WT,66672,,both_nonempty,finite,1.7320508075688772
SegMamba_150epochs,3,BraTS20_Training_215.nii.gz,TC,36002,,both_nonempty,finite,3.0
SegMamba_150epochs,3,BraTS20_Training_215.nii.gz,ET,25944,,both_nonempty,finite,1.4142135623730951
SegMamba_150epochs,3,BraTS20_Training_217.nii.gz,WT,21984,,both_nonempty,finite,74.74489776832324
SegMamba_150epochs,3,BraTS20_Training_217.nii.gz,TC,11879,,both_nonempty,finite,2.23606797749979
SegMamba_150epochs,3,BraTS20_Training_217.nii.gz,ET,8813,,both_nonempty,finite,1.0
SegMamba_150epochs,3,BraTS20_Training_218.nii.gz,WT,111312,,both_nonempty,finite,2.0
SegMamba_150epochs,3,BraTS20_Training_218.nii.gz,TC,82517,,both_nonempty,finite,2.0
SegMamba_150epochs,3,BraTS20_Training_218.nii.gz,ET,61113,,both_nonempty,finite,1.4142135623730951
SegMamba_150epochs,3,BraTS20_Training_225.nii.gz,WT,206134,,both_nonempty,finite,1.4142135623730951
SegMamba_150epochs,3,BraTS20_Training_225.nii.gz,TC,120221,,both_nonempty,finite,2.23606797749979
SegMamba_150epochs,3,BraTS20_Training_225.nii.gz,ET,111250,,both_nonempty,finite,3.0
SegMamba_150epochs,3,BraTS20_Training_233.nii.gz,WT,16748,,both_nonempty,finite,1.0
SegMamba_150epochs,3,BraTS20_Training_233.nii.gz,TC,2702,,both_nonempty,finite,2.0
SegMamba_150epochs,3,BraTS20_Training_233.nii.gz,ET,2642,,both_nonempty,finite,2.23606797749979
SegMamba_150epochs,3,BraTS20_Training_234.nii.gz,WT,157749,,both_nonempty,finite,2.23606797749979
SegMamba_150epochs,3,BraTS20_Training_234.nii.gz,TC,109824,,both_nonempty,finite,5.916079783099616
SegMamba_150epochs,3,BraTS20_Training_234.nii.gz,ET,11994,,both_nonempty,finite,7.810249675906654
SegMamba_150epochs,3,BraTS20_Training_237.nii.gz,WT,162397,,both_nonempty,finite,3.1622776601683795
SegMamba_150epochs,3,BraTS20_Training_237.nii.gz,TC,26485,,both_nonempty,finite,2.23606797749979
SegMamba_150epochs,3,BraTS20_Training_237.nii.gz,ET,16998,,both_nonempty,finite,1.7320508075688772
SegMamba_150epochs,3,BraTS20_Training_242.nii.gz,WT,54958,,both_nonempty,finite,3.7416573867739413
SegMamba_150epochs,3,BraTS20_Training_242.nii.gz,TC,36247,,both_nonempty,finite,4.123105625617661
SegMamba_150epochs,3,BraTS20_Training_242.nii.gz,ET,27478,,both_nonempty,finite,2.449489742783178
SegMamba_150epochs,3,BraTS20_Training_243.nii.gz,WT,154118,,both_nonempty,finite,2.23606797749979
SegMamba_150epochs,3,BraTS20_Training_243.nii.gz,TC,20508,,both_nonempty,finite,35.0
SegMamba_150epochs,3,BraTS20_Training_243.nii.gz,ET,14523,,both_nonempty,finite,31.524592935330595
SegMamba_150epochs,3,BraTS20_Training_244.nii.gz,WT,149604,,both_nonempty,finite,1.7320508075688772
SegMamba_150epochs,3,BraTS20_Training_244.nii.gz,TC,62554,,both_nonempty,finite,4.123105625617661
SegMamba_150epochs,3,BraTS20_Training_244.nii.gz,ET,26937,,both_nonempty,finite,2.23606797749979
SegMamba_150epochs,3,BraTS20_Training_246.nii.gz,WT,70781,,both_nonempty,finite,4.898979485566356
SegMamba_150epochs,3,BraTS20_Training_246.nii.gz,TC,49349,,both_nonempty,finite,5.0
SegMamba_150epochs,3,BraTS20_Training_246.nii.gz,ET,26417,,both_nonempty,finite,3.0
SegMamba_150epochs,3,BraTS20_Training_260.nii.gz,WT,49924,,both_nonempty,finite,8.602325267042627
SegMamba_150epochs,3,BraTS20_Training_260.nii.gz,TC,39137,,both_nonempty,finite,10.488088481701515
SegMamba_150epochs,3,BraTS20_Training_260.nii.gz,ET,17858,,both_nonempty,finite,3.7416573867739413
SegMamba_150epochs,3,BraTS20_Training_265.nii.gz,WT,61746,,both_nonempty,finite,1.4142135623730951
SegMamba_150epochs,3,BraTS20_Training_265.nii.gz,TC,43406,,both_nonempty,finite,1.4142135623730951
SegMamba_150epochs,3,BraTS20_Training_265.nii.gz,ET,0,,gt_empty_pred_nonempty,inf,
SegMamba_150epochs,3,BraTS20_Training_266.nii.gz,WT,53274,,both_nonempty,finite,2.0
SegMamba_150epochs,3,BraTS20_Training_266.nii.gz,TC,28736,,both_nonempty,finite,8.06225774829855
SegMamba_150epochs,3,BraTS20_Training_266.nii.gz,ET,0,,gt_empty_pred_nonempty,inf,
SegMamba_150epochs,3,BraTS20_Training_274.nii.gz,WT,190251,,both_nonempty,finite,12.083045973594572
SegMamba_150epochs,3,BraTS20_Training_274.nii.gz,TC,182844,,both_nonempty,finite,15.264337522473747
SegMamba_150epochs,3,BraTS20_Training_274.nii.gz,ET,89546,,both_nonempty,finite,7.280109889280518
SegMamba_150epochs,3,BraTS20_Training_278.nii.gz,WT,107864,,both_nonempty,finite,6.0
SegMamba_150epochs,3,BraTS20_Training_278.nii.gz,TC,59424,,both_nonempty,finite,45.628938186199335
SegMamba_150epochs,3,BraTS20_Training_278.nii.gz,ET,0,,gt_empty_pred_nonempty,inf,
SegMamba_150epochs,3,BraTS20_Training_282.nii.gz,WT,85121,,both_nonempty,finite,1.0
SegMamba_150epochs,3,BraTS20_Training_282.nii.gz,TC,12609,,both_nonempty,finite,5.0990195135927845
SegMamba_150epochs,3,BraTS20_Training_282.nii.gz,ET,6642,,both_nonempty,finite,2.0
SegMamba_150epochs,3,BraTS20_Training_289.nii.gz,WT,191547,,both_nonempty,finite,2.0
SegMamba_150epochs,3,BraTS20_Training_289.nii.gz,TC,42264,,both_nonempty,finite,8.602325267042627
SegMamba_150epochs,3,BraTS20_Training_289.nii.gz,ET,0,,gt_empty_pred_nonempty,inf,
SegMamba_150epochs,3,BraTS20_Training_291.nii.gz,WT,218263,,both_nonempty,finite,1.7320508075688772
SegMamba_150epochs,3,BraTS20_Training_291.nii.gz,TC,57282,,both_nonempty,finite,8.306623862918075
SegMamba_150epochs,3,BraTS20_Training_291.nii.gz,ET,126,,both_nonempty,finite,12.107706384642771
SegMamba_150epochs,3,BraTS20_Training_292.nii.gz,WT,77020,,both_nonempty,finite,2.0
SegMamba_150epochs,3,BraTS20_Training_292.nii.gz,TC,53829,,both_nonempty,finite,3.0
SegMamba_150epochs,3,BraTS20_Training_292.nii.gz,ET,3815,,both_nonempty,finite,11.0
SegMamba_150epochs,3,BraTS20_Training_299.nii.gz,WT,111018,,both_nonempty,finite,1.4142135623730951
SegMamba_150epochs,3,BraTS20_Training_299.nii.gz,TC,87769,,both_nonempty,finite,2.23606797749979
SegMamba_150epochs,3,BraTS20_Training_299.nii.gz,ET,659,,both_nonempty,finite,15.556349186104045
SegMamba_150epochs,3,BraTS20_Training_306.nii.gz,WT,180724,,both_nonempty,finite,5.916079783099616
SegMamba_150epochs,3,BraTS20_Training_306.nii.gz,TC,97103,,both_nonempty,finite,15.811388300841896
SegMamba_150epochs,3,BraTS20_Training_306.nii.gz,ET,0,,gt_empty_pred_nonempty,inf,
SegMamba_150epochs,3,BraTS20_Training_314.nii.gz,WT,27311,,both_nonempty,finite,5.196152422706632
SegMamba_150epochs,3,BraTS20_Training_314.nii.gz,TC,3497,,both_nonempty,finite,5.0990195135927845
SegMamba_150epochs,3,BraTS20_Training_314.nii.gz,ET,2810,,both_nonempty,finite,1.0
SegMamba_150epochs,3,BraTS20_Training_315.nii.gz,WT,34226,,both_nonempty,finite,1.4142135623730951
SegMamba_150epochs,3,BraTS20_Training_315.nii.gz,TC,22547,,both_nonempty,finite,2.449489742783178
SegMamba_150epochs,3,BraTS20_Training_315.nii.gz,ET,109,,both_nonempty,finite,1.4142135623730951
SegMamba_150epochs,3,BraTS20_Training_318.nii.gz,WT,212186,,both_nonempty,finite,3.3166247903554
SegMamba_150epochs,3,BraTS20_Training_318.nii.gz,TC,159875,,both_nonempty,finite,8.366600265340756
SegMamba_150epochs,3,BraTS20_Training_318.nii.gz,ET,1855,,both_nonempty,finite,6.082762530298219
SegMamba_150epochs,3,BraTS20_Training_323.nii.gz,WT,232098,,both_nonempty,finite,4.0
SegMamba_150epochs,3,BraTS20_Training_323.nii.gz,TC,104710,,both_nonempty,finite,5.830951894845301
SegMamba_150epochs,3,BraTS20_Training_323.nii.gz,ET,4674,,both_nonempty,finite,39.348442994561054
SegMamba_150epochs,3,BraTS20_Training_325.nii.gz,WT,17082,,both_nonempty,finite,12.328828005937952
SegMamba_150epochs,3,BraTS20_Training_325.nii.gz,TC,9759,,both_nonempty,finite,7.280109889280518
SegMamba_150epochs,3,BraTS20_Training_325.nii.gz,ET,125,,both_nonempty,finite,87.30091565304868
SegMamba_150epochs,3,BraTS20_Training_327.nii.gz,WT,183843,,both_nonempty,finite,10.63014581273465
SegMamba_150epochs,3,BraTS20_Training_327.nii.gz,TC,151492,,both_nonempty,finite,8.660254037844387
SegMamba_150epochs,3,BraTS20_Training_327.nii.gz,ET,16868,,both_nonempty,finite,6.164414002968976
SegMamba_150epochs,3,BraTS20_Training_328.nii.gz,WT,361783,,both_nonempty,finite,7.483314773547883
SegMamba_150epochs,3,BraTS20_Training_328.nii.gz,TC,190188,,both_nonempty,finite,22.135943621178654
SegMamba_150epochs,3,BraTS20_Training_328.nii.gz,ET,1036,,both_nonempty,finite,50.695167422546305
SegMamba_150epochs,3,BraTS20_Training_335.nii.gz,WT,136334,,both_nonempty,finite,4.47213595499958
SegMamba_150epochs,3,BraTS20_Training_335.nii.gz,TC,60154,,both_nonempty,finite,7.211102550927978
SegMamba_150epochs,3,BraTS20_Training_335.nii.gz,ET,0,,gt_empty_pred_nonempty,inf,
SegMamba_150epochs,3,BraTS20_Training_337.nii.gz,WT,111967,,both_nonempty,finite,1.0
SegMamba_150epochs,3,BraTS20_Training_337.nii.gz,TC,49901,,both_nonempty,finite,2.0
SegMamba_150epochs,3,BraTS20_Training_337.nii.gz,ET,28232,,both_nonempty,finite,1.0
SegMamba_150epochs,3,BraTS20_Training_344.nii.gz,WT,79098,,both_nonempty,finite,3.0
SegMamba_150epochs,3,BraTS20_Training_344.nii.gz,TC,19454,,both_nonempty,finite,12.36931687685298
SegMamba_150epochs,3,BraTS20_Training_344.nii.gz,ET,8988,,both_nonempty,finite,13.490737563232042
SegMamba_150epochs,3,BraTS20_Training_348.nii.gz,WT,85112,,both_nonempty,finite,1.0
SegMamba_150epochs,3,BraTS20_Training_348.nii.gz,TC,60044,,both_nonempty,finite,3.0
SegMamba_150epochs,3,BraTS20_Training_348.nii.gz,ET,43762,,both_nonempty,finite,1.4142135623730951
SegMamba_150epochs,3,BraTS20_Training_363.nii.gz,WT,120394,,both_nonempty,finite,1.0
SegMamba_150epochs,3,BraTS20_Training_363.nii.gz,TC,70428,,both_nonempty,finite,1.0
SegMamba_150epochs,3,BraTS20_Training_363.nii.gz,ET,46541,,both_nonempty,finite,1.0
SegMamba_150epochs,3,BraTS20_Training_367.nii.gz,WT,126642,,both_nonempty,finite,1.4142135623730951
SegMamba_150epochs,3,BraTS20_Training_367.nii.gz,TC,21460,,both_nonempty,finite,2.23606797749979
SegMamba_150epochs,3,BraTS20_Training_367.nii.gz,ET,19484,,both_nonempty,finite,1.0
SegMamba_150epochs,4,BraTS20_Training_001.nii.gz,WT,211979,,both_nonempty,finite,2.449489742783178
SegMamba_150epochs,4,BraTS20_Training_001.nii.gz,TC,43185,,both_nonempty,finite,2.0
SegMamba_150epochs,4,BraTS20_Training_001.nii.gz,ET,27742,,both_nonempty,finite,1.0
SegMamba_150epochs,4,BraTS20_Training_006.nii.gz,WT,139230,,both_nonempty,finite,2.23606797749979
SegMamba_150epochs,4,BraTS20_Training_006.nii.gz,TC,44774,,both_nonempty,finite,2.18885438199966
SegMamba_150epochs,4,BraTS20_Training_006.nii.gz,ET,24947,,both_nonempty,finite,1.4142135623730951
SegMamba_150epochs,4,BraTS20_Training_013.nii.gz,WT,46339,,both_nonempty,finite,2.449489742783178
SegMamba_150epochs,4,BraTS20_Training_013.nii.gz,TC,14535,,both_nonempty,finite,1.4142135623730951
SegMamba_150epochs,4,BraTS20_Training_013.nii.gz,ET,4039,,both_nonempty,finite,1.4142135623730951
SegMamba_150epochs,4,BraTS20_Training_024.nii.gz,WT,95627,,both_nonempty,finite,5.385164807134504
SegMamba_150epochs,4,BraTS20_Training_024.nii.gz,TC,28472,,both_nonempty,finite,2.23606797749979
SegMamba_150epochs,4,BraTS20_Training_024.nii.gz,ET,23272,,both_nonempty,finite,2.23606797749979
SegMamba_150epochs,4,BraTS20_Training_030.nii.gz,WT,99909,,both_nonempty,finite,3.7416573867739413
SegMamba_150epochs,4,BraTS20_Training_030.nii.gz,TC,7897,,both_nonempty,finite,14.518946586305022
SegMamba_150epochs,4,BraTS20_Training_030.nii.gz,ET,6149,,both_nonempty,finite,2.23606797749979
SegMamba_150epochs,4,BraTS20_Training_035.nii.gz,WT,78815,,both_nonempty,finite,3.1622776601683795
SegMamba_150epochs,4,BraTS20_Training_035.nii.gz,TC,48208,,both_nonempty,finite,3.7416573867739413
SegMamba_150epochs,4,BraTS20_Training_035.nii.gz,ET,24262,,both_nonempty,finite,1.4142135623730951
SegMamba_150epochs,4,BraTS20_Training_037.nii.gz,WT,189011,,both_nonempty,finite,6.324555320336759
SegMamba_150epochs,4,BraTS20_Training_037.nii.gz,TC,24963,,both_nonempty,finite,2.23606797749979
SegMamba_150epochs,4,BraTS20_Training_037.nii.gz,ET,15211,,both_nonempty,finite,1.0
SegMamba_150epochs,4,BraTS20_Training_044.nii.gz,WT,19150,,both_nonempty,finite,6.082762530298219
SegMamba_150epochs,4,BraTS20_Training_044.nii.gz,TC,1814,,both_nonempty,finite,1.4142135623730951
SegMamba_150epochs,4,BraTS20_Training_044.nii.gz,ET,1412,,both_nonempty,finite,1.4142135623730951
SegMamba_150epochs,4,BraTS20_Training_059.nii.gz,WT,25918,,both_nonempty,finite,5.656854249492381
SegMamba_150epochs,4,BraTS20_Training_059.nii.gz,TC,2073,,both_nonempty,finite,7.54983443527075
SegMamba_150epochs,4,BraTS20_Training_059.nii.gz,ET,1172,,both_nonempty,finite,7.0710678118654755
SegMamba_150epochs,4,BraTS20_Training_060.nii.gz,WT,87324,,both_nonempty,finite,3.0
SegMamba_150epochs,4,BraTS20_Training_060.nii.gz,TC,34530,,both_nonempty,finite,1.0
SegMamba_150epochs,4,BraTS20_Training_060.nii.gz,ET,16172,,both_nonempty,finite,1.0
SegMamba_150epochs,4,BraTS20_Training_063.nii.gz,WT,13459,,both_nonempty,finite,3.4641016151377544
SegMamba_150epochs,4,BraTS20_Training_063.nii.gz,TC,3069,,both_nonempty,finite,1.4142135623730951
SegMamba_150epochs,4,BraTS20_Training_063.nii.gz,ET,2287,,both_nonempty,finite,1.0
SegMamba_150epochs,4,BraTS20_Training_064.nii.gz,WT,95815,,both_nonempty,finite,14.730919862656235
SegMamba_150epochs,4,BraTS20_Training_064.nii.gz,TC,79911,,both_nonempty,finite,3.4641016151377544
SegMamba_150epochs,4,BraTS20_Training_064.nii.gz,ET,35310,,both_nonempty,finite,1.4142135623730951
SegMamba_150epochs,4,BraTS20_Training_065.nii.gz,WT,24955,,both_nonempty,finite,7.0
SegMamba_150epochs,4,BraTS20_Training_065.nii.gz,TC,3864,,both_nonempty,finite,1.4142135623730951
SegMamba_150epochs,4,BraTS20_Training_065.nii.gz,ET,2830,,both_nonempty,finite,1.0
SegMamba_150epochs,4,BraTS20_Training_073.nii.gz,WT,44519,,both_nonempty,finite,2.449489742783178
SegMamba_150epochs,4,BraTS20_Training_073.nii.gz,TC,16929,,both_nonempty,finite,1.0
SegMamba_150epochs,4,BraTS20_Training_073.nii.gz,ET,9460,,both_nonempty,finite,1.0
SegMamba_150epochs,4,BraTS20_Training_075.nii.gz,WT,185137,,both_nonempty,finite,2.0
SegMamba_150epochs,4,BraTS20_Training_075.nii.gz,TC,115876,,both_nonempty,finite,1.7320508075688772
SegMamba_150epochs,4,BraTS20_Training_075.nii.gz,ET,35387,,both_nonempty,finite,1.4142135623730951
SegMamba_150epochs,4,BraTS20_Training_077.nii.gz,WT,50183,,both_nonempty,finite,1.4142135623730951
SegMamba_150epochs,4,BraTS20_Training_077.nii.gz,TC,11695,,both_nonempty,finite,1.0
SegMamba_150epochs,4,BraTS20_Training_077.nii.gz,ET,7959,,both_nonempty,finite,1.0
SegMamba_150epochs,4,BraTS20_Training_078.nii.gz,WT,39411,,both_nonempty,finite,5.0990195135927845
SegMamba_150epochs,4,BraTS20_Training_078.nii.gz,TC,7174,,both_nonempty,finite,5.744562646538029
SegMamba_150epochs,4,BraTS20_Training_078.nii.gz,ET,4321,,both_nonempty,finite,5.0990195135927845
SegMamba_150epochs,4,BraTS20_Training_081.nii.gz,WT,31532,,both_nonempty,finite,2.0
SegMamba_150epochs,4,BraTS20_Training_081.nii.gz,TC,17680,,both_nonempty,finite,1.4142135623730951
SegMamba_150epochs,4,BraTS20_Training_081.nii.gz,ET,8450,,both_nonempty,finite,1.0
SegMamba_150epochs,4,BraTS20_Training_082.nii.gz,WT,10101,,both_nonempty,finite,18.582245506026158
SegMamba_150epochs,4,BraTS20_Training_082.nii.gz,TC,6295,,both_nonempty,finite,1.4142135623730951
SegMamba_150epochs,4,BraTS20_Training_082.nii.gz,ET,4518,,both_nonempty,finite,1.0
SegMamba_150epochs,4,BraTS20_Training_083.nii.gz,WT,73658,,both_nonempty,finite,1.7320508075688772
SegMamba_150epochs,4,BraTS20_Training_083.nii.gz,TC,10558,,both_nonempty,finite,1.0
SegMamba_150epochs,4,BraTS20_Training_083.nii.gz,ET,7167,,both_nonempty,finite,1.0
SegMamba_150epochs,4,BraTS20_Training_084.nii.gz,WT,57075,,both_nonempty,finite,2.0
SegMamba_150epochs,4,BraTS20_Training_084.nii.gz,TC,27561,,both_nonempty,finite,1.7320508075688772
SegMamba_150epochs,4,BraTS20_Training_084.nii.gz,ET,17506,,both_nonempty,finite,1.4142135623730951
SegMamba_150epochs,4,BraTS20_Training_092.nii.gz,WT,58458,,both_nonempty,finite,1.4142135623730951
SegMamba_150epochs,4,BraTS20_Training_092.nii.gz,TC,42898,,both_nonempty,finite,1.0
SegMamba_150epochs,4,BraTS20_Training_092.nii.gz,ET,32673,,both_nonempty,finite,1.0
SegMamba_150epochs,4,BraTS20_Training_106.nii.gz,WT,108359,,both_nonempty,finite,1.4142135623730951
SegMamba_150epochs,4,BraTS20_Training_106.nii.gz,TC,57728,,both_nonempty,finite,1.0
SegMamba_150epochs,4,BraTS20_Training_106.nii.gz,ET,41960,,both_nonempty,finite,1.0
SegMamba_150epochs,4,BraTS20_Training_108.nii.gz,WT,17892,,both_nonempty,finite,3.605551275463989
SegMamba_150epochs,4,BraTS20_Training_108.nii.gz,TC,8301,,both_nonempty,finite,1.4142135623730951
SegMamba_150epochs,4,BraTS20_Training_108.nii.gz,ET,8198,,both_nonempty,finite,2.0
SegMamba_150epochs,4,BraTS20_Training_109.nii.gz,WT,100724,,both_nonempty,finite,1.0
SegMamba_150epochs,4,BraTS20_Training_109.nii.gz,TC,28125,,both_nonempty,finite,1.0
SegMamba_150epochs,4,BraTS20_Training_109.nii.gz,ET,21853,,both_nonempty,finite,1.0
SegMamba_150epochs,4,BraTS20_Training_119.nii.gz,WT,32190,,both_nonempty,finite,8.54400374531753
SegMamba_150epochs,4,BraTS20_Training_119.nii.gz,TC,7745,,both_nonempty,finite,1.0
SegMamba_150epochs,4,BraTS20_Training_119.nii.gz,ET,4466,,both_nonempty,finite,1.0
SegMamba_150epochs,4,BraTS20_Training_120.nii.gz,WT,123632,,both_nonempty,finite,41.294672447125556
SegMamba_150epochs,4,BraTS20_Training_120.nii.gz,TC,52448,,both_nonempty,finite,1.7320508075688772
SegMamba_150epochs,4,BraTS20_Training_120.nii.gz,ET,19542,,both_nonempty,finite,1.0
SegMamba_150epochs,4,BraTS20_Training_125.nii.gz,WT,151285,,both_nonempty,finite,1.4142135623730951
SegMamba_150epochs,4,BraTS20_Training_125.nii.gz,TC,35936,,both_nonempty,finite,2.8284271247461903
SegMamba_150epochs,4,BraTS20_Training_125.nii.gz,ET,31863,,both_nonempty,finite,1.0
SegMamba_150epochs,4,BraTS20_Training_130.nii.gz,WT,111724,,both_nonempty,finite,3.3166247903554
SegMamba_150epochs,4,BraTS20_Training_130.nii.gz,TC,58674,,both_nonempty,finite,1.4142135623730951
SegMamba_150epochs,4,BraTS20_Training_130.nii.gz,ET,31485,,both_nonempty,finite,1.0
SegMamba_150epochs,4,BraTS20_Training_134.nii.gz,WT,80682,,both_nonempty,finite,4.58257569495584
SegMamba_150epochs,4,BraTS20_Training_134.nii.gz,TC,45266,,both_nonempty,finite,6.324555320336759
SegMamba_150epochs,4,BraTS20_Training_134.nii.gz,ET,18354,,both_nonempty,finite,4.58257569495584
SegMamba_150epochs,4,BraTS20_Training_139.nii.gz,WT,20487,,both_nonempty,finite,3.1622776601683795
SegMamba_150epochs,4,BraTS20_Training_139.nii.gz,TC,4880,,both_nonempty,finite,1.4142135623730951
SegMamba_150epochs,4,BraTS20_Training_139.nii.gz,ET,4467,,both_nonempty,finite,1.4142135623730951
SegMamba_150epochs,4,BraTS20_Training_143.nii.gz,WT,147786,,both_nonempty,finite,6.0
SegMamba_150epochs,4,BraTS20_Training_143.nii.gz,TC,124097,,both_nonempty,finite,1.4142135623730951
SegMamba_150epochs,4,BraTS20_Training_143.nii.gz,ET,72360,,both_nonempty,finite,2.23606797749979
SegMamba_150epochs,4,BraTS20_Training_144.nii.gz,WT,198692,,both_nonempty,finite,2.449489742783178
SegMamba_150epochs,4,BraTS20_Training_144.nii.gz,TC,72689,,both_nonempty,finite,2.23606797749979
SegMamba_150epochs,4,BraTS20_Training_144.nii.gz,ET,60991,,both_nonempty,finite,1.0
SegMamba_150epochs,4,BraTS20_Training_147.nii.gz,WT,139257,,both_nonempty,finite,10.488088481701515
SegMamba_150epochs,4,BraTS20_Training_147.nii.gz,TC,65516,,both_nonempty,finite,20.83266665599966
SegMamba_150epochs,4,BraTS20_Training_147.nii.gz,ET,19677,,both_nonempty,finite,49.898897692855286
SegMamba_150epochs,4,BraTS20_Training_156.nii.gz,WT,121150,,both_nonempty,finite,1.4142135623730951
SegMamba_150epochs,4,BraTS20_Training_156.nii.gz,TC,47585,,both_nonempty,finite,3.0
SegMamba_150epochs,4,BraTS20_Training_156.nii.gz,ET,27542,,both_nonempty,finite,1.0
SegMamba_150epochs,4,BraTS20_Training_167.nii.gz,WT,80769,,both_nonempty,finite,1.4142135623730951
SegMamba_150epochs,4,BraTS20_Training_167.nii.gz,TC,26245,,both_nonempty,finite,3.0
SegMamba_150epochs,4,BraTS20_Training_167.nii.gz,ET,17276,,both_nonempty,finite,3.3166247903554
SegMamba_150epochs,4,BraTS20_Training_172.nii.gz,WT,37828,,both_nonempty,finite,1.0
SegMamba_150epochs,4,BraTS20_Training_172.nii.gz,TC,12163,,both_nonempty,finite,1.0
SegMamba_150epochs,4,BraTS20_Training_172.nii.gz,ET,8994,,both_nonempty,finite,1.0
SegMamba_150epochs,4,BraTS20_Training_173.nii.gz,WT,134271,,both_nonempty,finite,5.0
SegMamba_150epochs,4,BraTS20_Training_173.nii.gz,TC,39718,,both_nonempty,finite,6.4031242374328485
SegMamba_150epochs,4,BraTS20_Training_173.nii.gz,ET,13892,,both_nonempty,finite,5.0
SegMamba_150epochs,4,BraTS20_Training_179.nii.gz,WT,66802,,both_nonempty,finite,2.8284271247461903
SegMamba_150epochs,4,BraTS20_Training_179.nii.gz,TC,36684,,both_nonempty,finite,3.0
SegMamba_150epochs,4,BraTS20_Training_179.nii.gz,ET,35019,,both_nonempty,finite,3.0
SegMamba_150epochs,4,BraTS20_Training_186.nii.gz,WT,129841,,both_nonempty,finite,2.23606797749979
SegMamba_150epochs,4,BraTS20_Training_186.nii.gz,TC,58843,,both_nonempty,finite,1.0
SegMamba_150epochs,4,BraTS20_Training_186.nii.gz,ET,50084,,both_nonempty,finite,1.0
SegMamba_150epochs,4,BraTS20_Training_190.nii.gz,WT,45281,,both_nonempty,finite,4.0
SegMamba_150epochs,4,BraTS20_Training_190.nii.gz,TC,10095,,both_nonempty,finite,17.233687939614086
SegMamba_150epochs,4,BraTS20_Training_190.nii.gz,ET,9769,,both_nonempty,finite,16.55294535724685
SegMamba_150epochs,4,BraTS20_Training_202.nii.gz,WT,97212,,both_nonempty,finite,1.4142135623730951
SegMamba_150epochs,4,BraTS20_Training_202.nii.gz,TC,46231,,both_nonempty,finite,1.7320508075688772
SegMamba_150epochs,4,BraTS20_Training_202.nii.gz,ET,28207,,both_nonempty,finite,1.0
SegMamba_150epochs,4,BraTS20_Training_209.nii.gz,WT,64347,,both_nonempty,finite,2.0
SegMamba_150epochs,4,BraTS20_Training_209.nii.gz,TC,44191,,both_nonempty,finite,1.4142135623730951
SegMamba_150epochs,4,BraTS20_Training_209.nii.gz,ET,19458,,both_nonempty,finite,1.0
SegMamba_150epochs,4,BraTS20_Training_211.nii.gz,WT,80218,,both_nonempty,finite,1.7320508075688772
SegMamba_150epochs,4,BraTS20_Training_211.nii.gz,TC,30663,,both_nonempty,finite,1.0
SegMamba_150epochs,4,BraTS20_Training_211.nii.gz,ET,18881,,both_nonempty,finite,1.0
SegMamba_150epochs,4,BraTS20_Training_219.nii.gz,WT,77278,,both_nonempty,finite,12.083045973594572
SegMamba_150epochs,4,BraTS20_Training_219.nii.gz,TC,21485,,both_nonempty,finite,1.4142135623730951
SegMamba_150epochs,4,BraTS20_Training_219.nii.gz,ET,14157,,both_nonempty,finite,1.0
SegMamba_150epochs,4,BraTS20_Training_227.nii.gz,WT,52898,,both_nonempty,finite,11.74734012447073
SegMamba_150epochs,4,BraTS20_Training_227.nii.gz,TC,6118,,both_nonempty,finite,4.123105625617661
SegMamba_150epochs,4,BraTS20_Training_227.nii.gz,ET,4951,,both_nonempty,finite,3.0
SegMamba_150epochs,4,BraTS20_Training_228.nii.gz,WT,73827,,both_nonempty,finite,5.385164807134504
SegMamba_150epochs,4,BraTS20_Training_228.nii.gz,TC,14252,,both_nonempty,finite,1.0
SegMamba_150epochs,4,BraTS20_Training_228.nii.gz,ET,10910,,both_nonempty,finite,1.0
SegMamba_150epochs,4,BraTS20_Training_232.nii.gz,WT,91751,,both_nonempty,finite,4.69041575982343
SegMamba_150epochs,4,BraTS20_Training_232.nii.gz,TC,16834,,both_nonempty,finite,5.385164807134504
SegMamba_150epochs,4,BraTS20_Training_232.nii.gz,ET,9523,,both_nonempty,finite,24.020824298928627
SegMamba_150epochs,4,BraTS20_Training_236.nii.gz,WT,169918,,both_nonempty,finite,9.433981132056603
SegMamba_150epochs,4,BraTS20_Training_236.nii.gz,TC,57508,,both_nonempty,finite,16.09347693943108
SegMamba_150epochs,4,BraTS20_Training_236.nii.gz,ET,47182,,both_nonempty,finite,15.684387141358123
SegMamba_150epochs,4,BraTS20_Training_248.nii.gz,WT,87193,,both_nonempty,finite,3.0
SegMamba_150epochs,4,BraTS20_Training_248.nii.gz,TC,65926,,both_nonempty,finite,1.4142135623730951
SegMamba_150epochs,4,BraTS20_Training_248.nii.gz,ET,36345,,both_nonempty,finite,1.0
SegMamba_150epochs,4,BraTS20_Training_249.nii.gz,WT,58817,,both_nonempty,finite,7.0
SegMamba_150epochs,4,BraTS20_Training_249.nii.gz,TC,21750,,both_nonempty,finite,1.7320508075688772
SegMamba_150epochs,4,BraTS20_Training_249.nii.gz,ET,20160,,both_nonempty,finite,1.8392304845412288
SegMamba_150epochs,4,BraTS20_Training_252.nii.gz,WT,204242,,both_nonempty,finite,1.4142135623730951
SegMamba_150epochs,4,BraTS20_Training_252.nii.gz,TC,73458,,both_nonempty,finite,1.7320508075688772
SegMamba_150epochs,4,BraTS20_Training_252.nii.gz,ET,44531,,both_nonempty,finite,1.0
SegMamba_150epochs,4,BraTS20_Training_253.nii.gz,WT,43881,,both_nonempty,finite,1.0
SegMamba_150epochs,4,BraTS20_Training_253.nii.gz,TC,26393,,both_nonempty,finite,1.4142135623730951
SegMamba_150epochs,4,BraTS20_Training_253.nii.gz,ET,14699,,both_nonempty,finite,2.23606797749979
SegMamba_150epochs,4,BraTS20_Training_258.nii.gz,WT,122734,,both_nonempty,finite,1.4142135623730951
SegMamba_150epochs,4,BraTS20_Training_258.nii.gz,TC,63849,,both_nonempty,finite,2.0
SegMamba_150epochs,4,BraTS20_Training_258.nii.gz,ET,26259,,both_nonempty,finite,1.0
SegMamba_150epochs,4,BraTS20_Training_262.nii.gz,WT,64107,,both_nonempty,finite,3.4641016151377544
SegMamba_150epochs,4,BraTS20_Training_262.nii.gz,TC,5522,,both_nonempty,finite,41.91479379789309
SegMamba_150epochs,4,BraTS20_Training_262.nii.gz,ET,0,,gt_empty_pred_nonempty,inf,
SegMamba_150epochs,4,BraTS20_Training_264.nii.gz,WT,25624,,both_nonempty,finite,4.0
SegMamba_150epochs,4,BraTS20_Training_264.nii.gz,TC,16887,,both_nonempty,finite,4.58257569495584
SegMamba_150epochs,4,BraTS20_Training_264.nii.gz,ET,0,,both_empty,nan,
SegMamba_150epochs,4,BraTS20_Training_268.nii.gz,WT,18890,,both_nonempty,finite,2.8284271247461903
SegMamba_150epochs,4,BraTS20_Training_268.nii.gz,TC,9329,,both_nonempty,finite,5.0
SegMamba_150epochs,4,BraTS20_Training_268.nii.gz,ET,0,,both_empty,nan,
SegMamba_150epochs,4,BraTS20_Training_279.nii.gz,WT,162703,,both_nonempty,finite,3.3166247903554
SegMamba_150epochs,4,BraTS20_Training_279.nii.gz,TC,135025,,both_nonempty,finite,9.16515138991168
SegMamba_150epochs,4,BraTS20_Training_279.nii.gz,ET,0,,gt_empty_pred_nonempty,inf,
SegMamba_150epochs,4,BraTS20_Training_280.nii.gz,WT,39237,,both_nonempty,finite,1.4142135623730951
SegMamba_150epochs,4,BraTS20_Training_280.nii.gz,TC,826,,both_nonempty,finite,18.439088914585774
SegMamba_150epochs,4,BraTS20_Training_280.nii.gz,ET,691,,both_nonempty,finite,1.7320508075688772
SegMamba_150epochs,4,BraTS20_Training_286.nii.gz,WT,23844,,both_nonempty,finite,4.69041575982343
SegMamba_150epochs,4,BraTS20_Training_286.nii.gz,TC,21004,,both_nonempty,finite,5.744562646538029
SegMamba_150epochs,4,BraTS20_Training_286.nii.gz,ET,0,,gt_empty_pred_nonempty,inf,
SegMamba_150epochs,4,BraTS20_Training_288.nii.gz,WT,77001,,both_nonempty,finite,5.0
SegMamba_150epochs,4,BraTS20_Training_288.nii.gz,TC,37156,,both_nonempty,finite,7.211102550927978
SegMamba_150epochs,4,BraTS20_Training_288.nii.gz,ET,18283,,both_nonempty,finite,1.0
SegMamba_150epochs,4,BraTS20_Training_295.nii.gz,WT,25293,,both_nonempty,finite,2.0
SegMamba_150epochs,4,BraTS20_Training_295.nii.gz,TC,10768,,both_nonempty,finite,3.0
SegMamba_150epochs,4,BraTS20_Training_295.nii.gz,ET,518,,both_nonempty,finite,16.792855623746664
SegMamba_150epochs,4,BraTS20_Training_298.nii.gz,WT,45690,,both_nonempty,finite,2.23606797749979
SegMamba_150epochs,4,BraTS20_Training_298.nii.gz,TC,14507,,both_nonempty,finite,12.041594578792296
SegMamba_150epochs,4,BraTS20_Training_298.nii.gz,ET,94,,gt_nonempty_pred_empty,inf,
SegMamba_150epochs,4,BraTS20_Training_303.nii.gz,WT,35851,,both_nonempty,finite,6.782329983125268
SegMamba_150epochs,4,BraTS20_Training_303.nii.gz,TC,25198,,both_nonempty,finite,16.0312195418814
SegMamba_150epochs,4,BraTS20_Training_303.nii.gz,ET,1324,,both_nonempty,finite,9.818158184403408
SegMamba_150epochs,4,BraTS20_Training_310.nii.gz,WT,175367,,both_nonempty,finite,2.8284271247461903
SegMamba_150epochs,4,BraTS20_Training_310.nii.gz,TC,93990,,both_nonempty,finite,5.0
SegMamba_150epochs,4,BraTS20_Training_310.nii.gz,ET,0,,gt_empty_pred_nonempty,inf,
SegMamba_150epochs,4,BraTS20_Training_316.nii.gz,WT,231951,,both_nonempty,finite,5.196152422706632
SegMamba_150epochs,4,BraTS20_Training_316.nii.gz,TC,92934,,both_nonempty,finite,14.422205101855956
SegMamba_150epochs,4,BraTS20_Training_316.nii.gz,ET,1585,,both_nonempty,finite,11.224972160321824
SegMamba_150epochs,4,BraTS20_Training_324.nii.gz,WT,68293,,both_nonempty,finite,1.7320508075688772
SegMamba_150epochs,4,BraTS20_Training_324.nii.gz,TC,50291,,both_nonempty,finite,24.267261109717257
SegMamba_150epochs,4,BraTS20_Training_324.nii.gz,ET,0,,both_empty,nan,
SegMamba_150epochs,4,BraTS20_Training_330.nii.gz,WT,53625,,both_nonempty,finite,1.4142135623730951
SegMamba_150epochs,4,BraTS20_Training_330.nii.gz,TC,32724,,both_nonempty,finite,8.48528137423857
SegMamba_150epochs,4,BraTS20_Training_330.nii.gz,ET,0,,gt_empty_pred_nonempty,inf,
SegMamba_150epochs,4,BraTS20_Training_332.nii.gz,WT,56445,,both_nonempty,finite,1.4142135623730951
SegMamba_150epochs,4,BraTS20_Training_332.nii.gz,TC,2366,,both_nonempty,finite,16.278820596099706
SegMamba_150epochs,4,BraTS20_Training_332.nii.gz,ET,1929,,both_nonempty,finite,1.4142135623730951
SegMamba_150epochs,4,BraTS20_Training_349.nii.gz,WT,173793,,both_nonempty,finite,1.7320508075688772
SegMamba_150epochs,4,BraTS20_Training_349.nii.gz,TC,107080,,both_nonempty,finite,2.23606797749979
SegMamba_150epochs,4,BraTS20_Training_349.nii.gz,ET,58809,,both_nonempty,finite,1.4142135623730951
SegMamba_150epochs,4,BraTS20_Training_358.nii.gz,WT,107935,,both_nonempty,finite,1.0
SegMamba_150epochs,4,BraTS20_Training_358.nii.gz,TC,15643,,both_nonempty,finite,2.8284271247461903
SegMamba_150epochs,4,BraTS20_Training_358.nii.gz,ET,12469,,both_nonempty,finite,1.0
SegMamba_150epochs,4,BraTS20_Training_365.nii.gz,WT,147861,,both_nonempty,finite,1.4142135623730951
SegMamba_150epochs,4,BraTS20_Training_365.nii.gz,TC,63842,,both_nonempty,finite,1.4142135623730951
SegMamba_150epochs,4,BraTS20_Training_365.nii.gz,ET,31532,,both_nonempty,finite,1.0
SegMamba_150epochs,4,BraTS20_Training_366.nii.gz,WT,46230,,both_nonempty,finite,2.0
SegMamba_150epochs,4,BraTS20_Training_366.nii.gz,TC,23663,,both_nonempty,finite,4.0
SegMamba_150epochs,4,BraTS20_Training_366.nii.gz,ET,19747,,both_nonempty,finite,2.449489742783178
